borough,gss_code,cohort_all,cohort_single,formed_2018_2025,removed_2018_2025,new_counter_2023_2025,new_food_2023_2025,net_2018_2025,shared_address_share,counter_share_new_2023_2025,pre_deadline_deaths_A,pre_deadline_share_A,survival_3y_n_A,survival_3y_A,pre_deadline_deaths_B,pre_deadline_share_B,survival_3y_n_B,survival_3y_B,pre_deadline_deaths_C,pre_deadline_share_C,survival_3y_n_C,survival_3y_C,pre_deadline_share_ranked,pre_deadline_share_rank_A,pre_deadline_share_rank_B,pre_deadline_share_rank_C,pre_deadline_share_rank_move_AB,pre_deadline_share_publishable_B,survival_3y_ranked,survival_3y_rank_A,survival_3y_rank_B,survival_3y_rank_C,survival_3y_rank_move_AB,survival_3y_publishable_B,counts_publishable
City of London,E09000001,1252,157.0000,89.0000,51.0000,6.0000,39.0000,38.0000,0.8746,0.1538,606,0.2508,353,0.4820,55,0.2727,48,0.6194,182,0.2308,126,0.5890,False,,,,,False,False,,,,,False,True
Barking and Dagenham,E09000002,1813,507.0000,366.0000,155.0000,109.0000,184.0000,211.0000,0.7204,0.5924,861,0.4634,881,0.4016,183,0.4098,245,0.6405,245,0.3510,259,0.4719,False,,,,,False,True,26,5,26,21,True,True
Barnet,E09000003,6476,1056.0000,675.0000,368.0000,145.0000,320.0000,307.0000,0.8369,0.4531,3064,0.2748,1833,0.4843,423,0.3735,414,0.5859,463,0.2765,325,0.5953,True,26,13,25,13,True,True,9,14,3,5,True,True
Bexley,E09000004,1683,558.0000,390.0000,173.0000,104.0000,198.0000,217.0000,0.6684,0.5253,793,0.3455,721,0.4710,208,0.2981,259,0.5690,293,0.3003,266,0.4611,True,21,25,20,4,True,True,11,18,27,7,True,True
Brent,E09000005,4157,962.0000,686.0000,290.0000,174.0000,347.0000,396.0000,0.7686,0.5014,1944,0.4023,1701,0.4273,358,0.3855,454,0.4906,578,0.3685,578,0.4820,True,13,9,8,4,True,True,23,27,22,4,True,True
Bromley,E09000006,2282,642.0000,415.0000,203.0000,83.0000,194.0000,212.0000,0.7187,0.4278,1091,0.3226,811,0.4954,238,0.2773,272,0.6679,330,0.2939,316,0.5710,True,24,26,22,2,True,True,6,2,6,4,True,True
Camden,E09000007,6199,779.0000,500.0000,235.0000,69.0000,237.0000,265.0000,0.8743,0.2911,2640,0.4155,2751,0.4902,266,0.3120,312,0.6090,1345,0.4401,1880,0.5012,True,11,24,2,13,True,True,7,7,17,0,True,True
Croydon,E09000008,4234,1003.0000,725.0000,336.0000,194.0000,362.0000,389.0000,0.7631,0.5359,1945,0.3512,1674,0.4890,391,0.3811,491,0.5883,571,0.3240,577,0.4966,True,20,10,15,10,True,True,8,13,18,5,True,True
Ealing,E09000009,3711,999.0000,719.0000,288.0000,167.0000,366.0000,431.0000,0.7308,0.4563,1746,0.4244,1499,0.4433,352,0.4318,464,0.6055,566,0.3887,539,0.4917,True,9,2,7,7,True,True,19,10,19,9,True,True
Enfield,E09000010,5622,921.0000,640.0000,294.0000,150.0000,322.0000,346.0000,0.8362,0.4658,2689,0.3001,1922,0.4674,358,0.3436,421,0.5201,469,0.2495,417,0.5332,True,25,20,26,5,True,True,14,24,13,10,True,True
Greenwich,E09000011,2064,656.0000,469.0000,174.0000,117.0000,224.0000,295.0000,0.6822,0.5223,964,0.4222,893,0.4576,217,0.3733,323,0.5764,295,0.3390,290,0.5145,True,10,14,12,4,True,True,15,15,14,0,True,True
Hackney,E09000012,6145,933.0000,612.0000,307.0000,89.0000,276.0000,305.0000,0.8482,0.3225,3389,0.5441,2786,0.3326,353,0.3428,362,0.5540,1972,0.6019,1126,0.3457,True,1,21,1,20,True,True,30,20,30,10,True,True
Hammersmith and Fulham,E09000013,2217,572.0000,405.0000,184.0000,68.0000,179.0000,221.0000,0.7420,0.3799,1027,0.4547,829,0.4680,213,0.4272,234,0.5672,377,0.4191,350,0.5376,True,4,3,4,1,True,True,13,19,12,6,True,True
Haringey,E09000014,4691,873.0000,556.0000,291.0000,119.0000,251.0000,265.0000,0.8139,0.4741,2274,0.3527,2278,0.3666,332,0.3464,338,0.6017,459,0.2898,423,0.5099,True,19,19,24,0,True,True,29,11,16,18,True,True
Harrow,E09000015,3828,678.0000,446.0000,217.0000,103.0000,236.0000,229.0000,0.8229,0.4364,1548,0.3559,1646,0.5121,256,0.4023,325,0.5228,333,0.3093,350,0.5622,True,18,6,19,12,True,True,5,23,10,18,True,True
Havering,E09000016,1995,609.0000,429.0000,194.0000,95.0000,217.0000,235.0000,0.6947,0.4378,931,0.3738,899,0.4442,235,0.3319,301,0.5058,350,0.2914,370,0.4875,True,15,22,23,7,True,True,18,25,21,7,True,True
Hillingdon,E09000017,2845,726.0000,514.0000,223.0000,149.0000,278.0000,291.0000,0.7448,0.5360,1308,0.4258,1249,0.4528,270,0.3593,359,0.5731,324,0.3395,359,0.5577,True,8,17,11,9,True,True,17,16,11,1,True,True
Hounslow,E09000018,2472,703.0000,499.0000,224.0000,118.0000,256.0000,275.0000,0.7156,0.4609,1121,0.4728,1145,0.4302,268,0.4328,339,0.4743,351,0.4302,351,0.5134,True,2,1,3,1,True,True,22,28,15,6,True,True
Islington,E09000019,5512,869.0000,530.0000,278.0000,82.0000,260.0000,252.0000,0.8423,0.3154,2751,0.4318,2384,0.4048,322,0.3540,339,0.5731,653,0.2940,589,0.4816,True,7,18,21,11,True,True,25,17,23,8,True,True
Kensington and Chelsea,E09000020,1398,349.0000,217.0000,102.0000,20.0000,87.0000,115.0000,0.7504,0.2299,611,0.4043,484,0.5299,115,0.3826,126,0.6615,163,0.3558,153,0.7226,False,,,,,False,False,,,,,False,True
Kingston upon Thames,E09000021,1495,409.0000,296.0000,118.0000,55.0000,131.0000,178.0000,0.7264,0.4198,626,0.4042,551,0.5495,139,0.4604,188,0.6060,203,0.4089,212,0.5671,False,,,,,False,True,2,9,8,7,True,True
Lambeth,E09000022,2791,822.0000,590.0000,250.0000,107.0000,274.0000,340.0000,0.7055,0.3905,1299,0.4088,1073,0.4787,296,0.3649,360,0.6532,433,0.3279,444,0.5639,True,12,15,14,3,True,True,10,3,9,7,True,True
Lewisham,E09000023,2414,872.0000,589.0000,297.0000,133.0000,269.0000,292.0000,0.6388,0.4944,1210,0.4372,996,0.3715,343,0.3878,360,0.5245,424,0.3986,432,0.4610,True,6,8,6,2,True,True,28,22,28,6,True,True
Merton,E09000024,2200,427.0000,292.0000,126.0000,74.0000,145.0000,166.0000,0.8059,0.5103,969,0.3158,847,0.5243,154,0.3377,183,0.6943,202,0.2921,185,0.5840,False,,,,,False,True,4,1,5,3,True,True
Newham,E09000025,4770,1175.0000,891.0000,396.0000,238.0000,447.0000,495.0000,0.7537,0.5324,2342,0.4710,2226,0.3808,493,0.4178,598,0.4655,679,0.4094,764,0.4774,True,3,4,5,1,True,True,27,29,25,2,True,True
Redbridge,E09000026,4845,943.0000,681.0000,328.0000,169.0000,363.0000,353.0000,0.8054,0.4656,2287,0.3358,1930,0.4385,374,0.4091,465,0.5009,584,0.3185,551,0.4905,True,23,5,16,18,True,True,21,26,20,5,True,True
Richmond upon Thames,E09000027,1246,372.0000,249.0000,108.0000,29.0000,106.0000,141.0000,0.7014,0.2736,549,0.3279,433,0.5342,125,0.4080,144,0.6303,204,0.3382,225,0.5700,False,,,,,False,False,,,,,False,True
Southwark,E09000028,2719,802.0000,552.0000,237.0000,105.0000,248.0000,315.0000,0.7050,0.4234,1306,0.4403,1056,0.4530,282,0.3901,335,0.6269,416,0.3486,415,0.5692,True,5,7,9,2,True,True,16,6,7,10,True,True
Sutton,E09000029,1499,403.0000,288.0000,122.0000,80.0000,142.0000,166.0000,0.7312,0.5634,725,0.3117,499,0.5333,142,0.3380,187,0.6472,249,0.3655,206,0.6032,False,,,,,False,True,3,4,2,1,True,True
Tower Hamlets,E09000030,6580,1238.0000,867.0000,398.0000,170.0000,423.0000,469.0000,0.8119,0.4019,3039,0.3666,2514,0.4421,467,0.3619,579,0.5485,1153,0.3183,1097,0.4779,True,17,16,17,1,True,True,20,21,24,1,True,True
Waltham Forest,E09000031,3474,948.0000,697.0000,346.0000,140.0000,344.0000,351.0000,0.7271,0.4070,1730,0.3699,1429,0.4259,414,0.3768,453,0.4529,471,0.3163,452,0.4230,True,16,12,18,4,True,True,24,30,29,6,True,True
Wandsworth,E09000032,2585,746.0000,500.0000,233.0000,118.0000,249.0000,267.0000,0.7114,0.4739,1212,0.4002,977,0.4705,270,0.3296,330,0.6081,365,0.3397,373,0.5909,True,14,23,10,9,True,True,12,8,4,4,True,True
Westminster,E09000033,6933,1067.0000,616.0000,312.0000,66.0000,262.0000,304.0000,0.8461,0.2519,2748,0.3424,2272,0.5839,361,0.3795,363,0.5894,669,0.3363,713,0.6202,True,22,11,13,11,True,True,1,12,1,11,True,True
