chain,slug,financial_year,year_end,revenue_net,hospitality_rate,output_vat,input_vat_recoverable,net_vat_to_hmrc,zero_rated_revenue,zero_rated_share,output_vat_pct_of_revenue,consumer_net_revenue,consumer_vat,consumer_gross_spend,consumer_effective_rate_on_net,consumer_effective_rate_on_gross,kept_per_10_consumer_spend,net_vat_pct_of_revenue
Costa Limited,costa,FY2018 (to Mar),2018-03-01,1291665000,0.2,195713080.8,56338552.30500001,139374528.495,313099596.0,0.2424,0.15152000000000002,942915450.0,159546460.8,1102461910.8,0.1692054794520548,0.14471834286249885,8.552816571375011,0.107903
Costa Limited,costa,FY2019 (to Feb),2019-02-28,1344138000,0.19999999999999998,203663789.75999996,58627267.14600001,145036522.61399996,325819051.2,0.2424,0.15151999999999996,981220740.0,166027925.75999996,1147248665.76,0.16920547945205475,0.1447183428624988,8.552816571375011,0.10790299999999997
Costa Limited,costa,2019 stub (10m),2019-12-31,880587000,0.2,133426542.24,38408563.179000005,95017979.06099999,213454288.8,0.2424,0.15152,642828510.0,108770106.24,751598616.24,0.16920547945205477,0.14471834286249882,8.552816571375011,0.10790299999999999
Costa Limited,costa,FY2020,2020-12-31,603588000,0.13032786885245903,66223696.38295083,26326697.796,39896998.58695082,146309731.2,0.24239999999999998,0.10971672131147542,440619240.0,49323232.38295083,489942472.38295084,0.1119407141253088,0.10067147708802555,8.993285229119744,0.06609972131147542
Costa Limited,costa,FY2021,2021-12-31,923174000,0.0689041095890411,67264733.95945206,40266080.35800001,26998653.601452053,223777377.6,0.2424,0.07286246575342467,673917020.0,41415861.95945206,715332881.959452,0.0614554325389379,0.05789732724994415,9.421026727500559,0.029245465753424654
Costa Limited,costa,FY2022,2022-12-31,1117450000,0.1815068493150685,156916921.26027396,48739816.65,108177104.61027396,270869880.0,0.2424,0.14042410958904109,815738500.0,125628321.26027396,941366821.2602739,0.15400562957402888,0.13345310077116007,8.6654689922884,0.09680710958904108
Costa Limited,costa,FY2023,2023-12-31,1222856000,0.2,185287141.12,53337310.152,131949830.968,296420294.4,0.24239999999999998,0.15152000000000002,892684880.0,151047173.12,1043732053.12,0.1692054794520548,0.14471834286249882,8.552816571375011,0.107903
Costa Limited,costa,FY2024,2024-12-31,1231795000,0.2,186641578.4,53727202.51500001,132914375.88499999,298587108.0,0.2424,0.15152000000000002,899210350.0,152151318.4,1051361668.4,0.1692054794520548,0.14471834286249885,8.552816571375011,0.107903
Gail's (Grain Topco Limited),gails,FY2018 (Feb),2018-02-28,86378000,0.2,9824633.72,3767549.2260000007,6057084.494,37254831.4,0.43129999999999996,0.11374000000000001,68324998.0,9824633.72,78149631.72,0.1437926675094817,0.12571567522161065,8.742843247783894,0.070123
Gail's (Grain Topco Limited),gails,FY2019 (Feb),2019-02-28,100765000,0.2,11461011.1,4395067.005000001,7065944.094999999,43459944.5,0.4313,0.11374,79705115.0,11461011.1,91166126.1,0.14379266750948166,0.12571567522161065,8.742843247783894,0.07012299999999999
Gail's (Grain Topco Limited),gails,FY2020 (Feb),2020-02-29,116440000,0.2,13243885.6,5078763.48,8165122.119999999,50220572.0,0.4313,0.11374,92104040.0,13243885.6,105347925.6,0.14379266750948166,0.12571567522161065,8.742843247783894,0.07012299999999999
Gail's (Grain Topco Limited),gails,FY2021 (Feb),2021-02-28,84501000,0.10589041095890413,5587252.421917808,3685680.1170000006,1901572.3049178077,36445281.3,0.43129999999999996,0.06612054794520549,66840291.0,5587252.421917808,72427543.42191781,0.08359108463363525,0.07714264709172795,9.22857352908272,0.02250354794520547
Gail's (Grain Topco Limited),gails,FY2023 (Feb),2023-02-28,181779000,0.19363013698630135,20089642.35164383,7928654.643,12160987.708643831,78401282.69999999,0.43129999999999996,0.11051684931506847,143787189.0,20089642.35164383,163876831.35164383,0.13971788788251385,0.12258988769764441,8.774101123023556,0.06689984931506847
Gail's (Grain Topco Limited),gails,FY2024 (Feb),2024-02-29,231785000,0.2,26363225.9,10109766.345000003,16253459.554999996,99968870.5,0.4313,0.11374,183341935.0,26363225.9,209705160.9,0.14379266750948166,0.12571567522161062,8.742843247783894,0.07012299999999998
Gail's (Grain Topco Limited),gails,FY2025 (Feb),2025-02-28,278045000,0.2,31624838.3,12127488.765,19497349.535,119920808.5,0.4313,0.11374000000000001,219933595.0,31624838.3,251558433.3,0.14379266750948166,0.12571567522161062,8.742843247783894,0.070123
Greggs plc,greggs,FY2018,2018-12-29,1029300000,0.19999999999999998,126089250.0,44894978.1,81194271.9,398853750.0,0.3875,0.1225,907842600.0,121354470.0,1029197070.0,0.1336734693877551,0.11791179117911792,8.82088208820882,0.07888300000000001
Greggs plc,greggs,FY2019,2019-12-28,1167900000,0.19999999999999998,143067750.0,50940294.300000004,92127455.69999999,452561250.0,0.3875,0.1225,1030087800.0,137695410.0,1167783210.0,0.1336734693877551,0.11791179117911792,8.82088208820882,0.078883
Greggs plc,greggs,FY2020,2021-01-02,811300000,0.13045822102425877,70779692.64150943,35386472.1,35393220.54150943,314378750.0,0.3875,0.08724231805929919,715566600.0,67047712.64150943,782614312.6415094,0.09369877330986302,0.08567146237743525,9.143285376225647,0.04362531805929918
Greggs plc,greggs,FY2021,2022-01-01,1229700000,0.06916208791208792,69066320.08928572,53635824.900000006,15430495.18928571,476508750.0,0.3875,0.056165178571428574,1084595400.0,63409700.08928571,1148005100.0892856,0.05846392128279883,0.0552346850064987,9.447653149935014,0.012548178571428568
Greggs plc,greggs,FY2022,2022-12-31,1512800000,0.1816620879120879,171253012.14285713,65983797.60000001,105269214.54285713,586210000.0,0.3875,0.11320267857142857,1334289600.0,164294132.14285713,1498583732.142857,0.1231322886297376,0.10963293449604543,8.903670655039546,0.06958567857142856
Greggs plc,greggs,FY2023,2023-12-30,1809600000,0.19999999999999998,221676000.0,78929323.2,142746676.8,701220000.0,0.3875,0.1225,1596067200.0,213351840.0,1809419040.0,0.1336734693877551,0.11791179117911792,8.82088208820882,0.07888300000000001
Greggs plc,greggs,FY2024,2024-12-28,2014400000,0.19999999999999998,246764000.0,87862084.80000001,158901915.2,780580000.0,0.3875,0.1225,1776700800.0,237497760.0,2014198560.0,0.1336734693877551,0.11791179117911792,8.82088208820882,0.078883
Greggs plc,greggs,FY2025,2025-12-27,2151200000,0.19999999999999998,263522000.0,93828890.4,169693109.6,833590000.0,0.3875,0.1225,1897358400.0,253626480.0,2150984880.0,0.1336734693877551,0.11791179117911792,8.82088208820882,0.078883
Pret A Manger (Europe) Limited,pret,FY2018,2019-01-03,710036000,0.19999999999999998,98950616.96000001,30969640.212,67980976.74800001,215282915.20000002,0.3032,0.13936,674534200.0,91850256.96000001,766384456.96,0.13616842105263158,0.11984879928846724,8.801512007115328,0.09574300000000001
Pret A Manger (Europe) Limited,pret,FY2019,2020-01-02,708359000,0.19999999999999998,98716910.24,30896494.503000006,67820415.73699999,214774448.8,0.3032,0.13935999999999998,672941050.0,91633320.24,764574370.24,0.13616842105263158,0.11984879928846723,8.801512007115328,0.09574299999999998
Pret A Manger (Europe) Limited,pret,FY2020,2020-12-31,299380000,0.12994505494505496,29766958.613186814,13058057.46,16708901.153186813,90772016.0,0.3032,0.09942868131868132,284411000.0,26773158.613186814,311184158.61318684,0.09413545401966456,0.08603638029809486,9.139636197019051,0.05581168131868132
Pret A Manger (Europe) Limited,pret,FY2021,2021-12-30,372262000,0.06874999999999999,24028581.445,16236951.654000003,7791629.790999997,112869838.4,0.3032,0.06454750000000001,353648900.0,20305961.445,373954861.445,0.05741842105263158,0.05430056816626392,9.456994318337362,0.020930499999999994
Pret A Manger (Europe) Limited,pret,FY2022,2022-12-29,648416000,0.18125,83433307.76,28281960.672000002,55151347.088,196599731.20000002,0.3032,0.1286725,615995200.0,76949147.76,692944347.76,0.12491842105263158,0.11104664899676936,8.889533510032306,0.0850555
Pret A Manger (Europe) Limited,pret,FY2023,2023-12-28,729960000,0.19999999999999998,101727225.6,31838665.320000004,69888560.27999999,221323872.00000003,0.3032,0.13935999999999998,693462000.0,94427625.6,787889625.6,0.13616842105263158,0.11984879928846723,8.801512007115328,0.09574299999999998
Pret A Manger (Europe) Limited,pret,FY2024,2025-01-02,734834000,0.2,102406466.24,32051254.578,70355211.662,222801668.8,0.3032,0.13935999999999998,698092300.0,95058126.24,793150426.24,0.13616842105263158,0.11984879928846723,8.801512007115328,0.095743
Pret A Manger (Europe) Limited,pret,FY2025,2026-01-01,704540000,0.19999999999999998,98184694.4,30729921.180000003,67454773.22,213616528.00000003,0.3032,0.13936,669313000.0,91139294.4,760452294.4,0.13616842105263158,0.11984879928846726,8.801512007115328,0.095743
