year,format,companies
2012,counter,41
2012,service,100
2013,counter,389
2013,service,788
2014,counter,610
2014,service,1280
2015,counter,731
2015,service,1436
2016,counter,1073
2016,service,2039
2017,counter,1125
2017,service,1989
2018,counter,1883
2018,service,3056
2019,counter,2327
2019,service,3477
2020,counter,1581
2020,service,2534
2021,counter,2492
2021,service,3046
2022,counter,2981
2022,service,2973
2023,counter,3441
2023,service,3796
2024,counter,3481
2024,service,4230
2025,counter,3695
2025,service,4485
2026,counter,2682
2026,service,3392
