financial_year,sic,disclosing,total_employees,mean_employees,median_employees
2018,47240,159,1612,10.14,5.0
2018,56101,1551,25196,16.25,10.0
2018,56102,757,11041,14.59,5.0
2018,56103,725,4714,6.5,3.0
2019,47240,339,2675,7.89,3.0
2019,56101,3169,44358,14.0,6.0
2019,56102,1914,20477,10.7,4.0
2019,56103,1941,9758,5.03,3.0
2020,47240,673,4080,6.06,3.0
2020,56101,6477,66503,10.27,5.0
2020,56102,4358,29428,6.75,3.0
2020,56103,4878,20060,4.11,3.0
2021,47240,778,4519,5.81,3.0
2021,56101,6557,62620,9.55,5.0
2021,56102,4787,35221,7.36,3.0
2021,56103,5402,22002,4.07,3.0
2022,47240,699,3700,5.29,2.0
2022,56101,5335,60614,11.36,5.0
2022,56102,3990,27901,6.99,3.0
2022,56103,4606,17225,3.74,2.0
2023,47240,1037,5993,5.78,3.0
2023,56101,7470,90964,12.18,5.0
2023,56102,5716,54234,9.49,3.0
2023,56103,6442,27961,4.34,2.0
2024,47240,1126,6362,5.65,3.0
2024,56101,7774,89984,11.58,5.0
2024,56102,6339,60964,9.62,3.0
2024,56103,7025,26375,3.75,2.0
2025,47240,1016,5040,4.96,2.0
2025,56101,6417,60782,9.47,4.0
2025,56102,5577,37033,6.64,3.0
2025,56103,6230,23025,3.7,2.0
