death_era,format,exit_route,n
cost_of_living,counter,registrar_strike_off,8014
cost_of_living,counter,voluntary_strike_off,7041
cost_of_living,counter,creditors_voluntary_liquidation,428
cost_of_living,counter,compulsory_liquidation,13
cost_of_living,counter,administration,7
cost_of_living,counter,members_voluntary_liquidation,6
cost_of_living,service,registrar_strike_off,8848
cost_of_living,service,voluntary_strike_off,7659
cost_of_living,service,creditors_voluntary_liquidation,1337
cost_of_living,service,compulsory_liquidation,89
cost_of_living,service,administration,83
cost_of_living,service,insolvency_other,27
cost_of_living,service,members_voluntary_liquidation,25
covid,counter,voluntary_strike_off,1250
covid,counter,registrar_strike_off,967
covid,counter,creditors_voluntary_liquidation,91
covid,counter,compulsory_liquidation,11
covid,counter,insolvency_other,2
covid,counter,administration,1
covid,service,voluntary_strike_off,1546
covid,service,registrar_strike_off,1417
covid,service,creditors_voluntary_liquidation,289
covid,service,compulsory_liquidation,75
covid,service,administration,14
covid,service,insolvency_other,6
covid,service,members_voluntary_liquidation,4
pre_covid,counter,voluntary_strike_off,2596
pre_covid,counter,registrar_strike_off,1996
pre_covid,counter,creditors_voluntary_liquidation,87
pre_covid,counter,compulsory_liquidation,50
pre_covid,counter,insolvency_other,2
pre_covid,counter,administration,2
pre_covid,service,voluntary_strike_off,3621
pre_covid,service,registrar_strike_off,3092
pre_covid,service,creditors_voluntary_liquidation,318
pre_covid,service,compulsory_liquidation,279
pre_covid,service,members_voluntary_liquidation,15
pre_covid,service,administration,14
pre_covid,service,insolvency_other,13
pre_covid,service,unknown,2
revival,counter,registrar_strike_off,1183
revival,counter,voluntary_strike_off,781
revival,counter,creditors_voluntary_liquidation,29
revival,counter,compulsory_liquidation,5
revival,counter,insolvency_other,1
revival,service,registrar_strike_off,1238
revival,service,voluntary_strike_off,775
revival,service,creditors_voluntary_liquidation,156
revival,service,compulsory_liquidation,27
revival,service,administration,17
revival,service,members_voluntary_liquidation,3
