format,sic_primary,exit_route,n
counter,47240,registrar_strike_off,1404
counter,47240,voluntary_strike_off,982
counter,47240,creditors_voluntary_liquidation,66
counter,47240,compulsory_liquidation,23
counter,47240,administration,5
counter,47240,insolvency_other,2
counter,56103,registrar_strike_off,11930
counter,56103,voluntary_strike_off,11245
counter,56103,creditors_voluntary_liquidation,803
counter,56103,compulsory_liquidation,107
counter,56103,administration,10
counter,56103,members_voluntary_liquidation,6
counter,56103,insolvency_other,5
counter,56103,unknown,1
service,56101,registrar_strike_off,9137
service,56101,voluntary_strike_off,7814
service,56101,creditors_voluntary_liquidation,2347
service,56101,compulsory_liquidation,532
service,56101,administration,160
service,56101,members_voluntary_liquidation,46
service,56101,insolvency_other,46
service,56101,unknown,2
service,56102,registrar_strike_off,7593
service,56102,voluntary_strike_off,6620
service,56102,creditors_voluntary_liquidation,654
service,56102,compulsory_liquidation,135
service,56102,administration,21
service,56102,insolvency_other,13
service,56102,members_voluntary_liquidation,8
