fhrsid,resolved,company_number,has_food_sic,sics,registered_in_london_area,in_study_cohort
1003371,True,06831874,False,68209|87200,True,False
1003371,True,06831874,False,68209|87200,True,False
1003371,True,06831874,False,68209|87200,True,False
1748037,False,,,,,
1748037,False,,,,,
1748037,False,,,,,
1748037,False,,,,,
1453216,False,,,,,
1453216,False,,,,,
1915480,True,16187635,False,47910,False,False
1915480,True,16187635,False,47910,False,False
1915480,True,16187635,False,47910,False,False
1915480,True,16187635,False,47910,False,False
1662144,True,02856316,False,56290,False,False
1662144,True,02856316,False,56290,False,False
1662144,True,02856316,False,56290,False,False
1662144,True,02856316,False,56290,False,False
1690245,True,06707777,True,56102,False,False
1690245,True,06707777,True,56102,False,False
1690245,True,06707777,True,56102,False,False
1791105,False,,,,,
1791105,False,,,,,
938303,True,10199634,True,56101,True,True
938303,True,10199634,True,56101,True,True
938303,True,10199634,True,56101,True,True
938303,True,10199634,True,56101,True,True
938303,True,10199634,True,56101,True,True
1608522,True,14658945,True,56102,True,True
1608522,True,14658945,True,56102,True,True
1608522,True,14658945,True,56102,True,True
1291950,True,12365839,False,56290,True,False
1291950,True,12365839,False,56290,True,False
1291950,True,12365839,False,56290,True,False
1291950,True,12365839,False,56290,True,False
1260384,False,,,,,
1260384,False,,,,,
1260384,False,,,,,
1260384,False,,,,,
414332,False,,,,,
414332,False,,,,,
490056,True,16268856,True,56102,True,True
490056,True,16268856,True,56102,True,True
490056,True,16268856,True,56102,True,True
490056,True,16268856,True,56102,True,True
777964,True,08904235,True,56101|56210|90020,True,True
777964,True,08904235,True,56101|56210|90020,True,True
777964,True,08904235,True,56101|56210|90020,True,True
777964,True,08904235,True,56101|56210|90020,True,True
1340020,False,,,,,
1340020,False,,,,,
1340020,False,,,,,
1340020,False,,,,,
1814185,True,15639076,False,47290|47990|56290,True,False
1814185,True,15639076,False,47290|47990|56290,True,False
1814185,True,15639076,False,47290|47990|56290,True,False
1814185,True,15639076,False,47290|47990|56290,True,False
1597518,True,10855175,False,56290,True,False
1597518,True,10855175,False,56290,True,False
1597518,True,10855175,False,56290,True,False
1597518,True,10855175,False,56290,True,False
1857950,True,16466346,True,56101,True,True
1857950,True,16466346,True,56101,True,True
1824105,True,04063391,False,86101,True,False
1824105,True,04063391,False,86101,True,False
1824105,True,04063391,False,86101,True,False
1824105,True,04063391,False,86101,True,False
1792008,False,,,,,
1792008,False,,,,,
1792008,False,,,,,
1792008,False,,,,,
641096,False,,,,,
641096,False,,,,,
641096,False,,,,,
641096,False,,,,,
1687231,True,15015041,True,56101,True,True
1687231,True,15015041,True,56101,True,True
1687231,True,15015041,True,56101,True,True
1687231,True,15015041,True,56101,True,True
427985,False,,,,,
427985,False,,,,,
1721252,False,,,,,
1721252,False,,,,,
1721252,False,,,,,
1721252,False,,,,,
1800859,False,,,,,
1800859,False,,,,,
1800859,False,,,,,
1800859,False,,,,,
1900441,True,16471133,True,56102,True,True
1900441,True,16471133,True,56102,True,True
1900441,True,16471133,True,56102,True,True
1900441,True,16471133,True,56102,True,True
1016147,True,03019728,True,56101,True,True
1016147,True,03019728,True,56101,True,True
1887549,False,,,,,
1887549,False,,,,,
1497453,False,,,,,
1724557,True,15667600,False,10612,False,False
1724557,True,15667600,False,10612,False,False
1724557,True,15667600,False,10612,False,False
1724557,True,15667600,False,10612,False,False
1724557,True,15667600,False,10612,False,False
470148,False,,,,,
470148,False,,,,,
470148,False,,,,,
470148,False,,,,,
423788,True,03602613,False,74990,True,False
423788,True,03602613,False,74990,True,False
1941552,True,16862056,True,56101,True,True
1941552,True,16862056,True,56101,True,True
1941552,True,16862056,True,56101,True,True
1941552,True,16862056,True,56101,True,True
1251689,True,05864690,True,56101,False,False
1251689,True,05864690,True,56101,False,False
991616,True,09652084,True,56102|56301,True,True
991616,True,09652084,True,56102|56301,True,True
991616,True,09652084,True,56102|56301,True,True
991616,True,09652084,True,56102|56301,True,True
1809050,True,14744526,True,56101|56103,True,True
1809050,True,14744526,True,56101|56103,True,True
1809050,True,14744526,True,56101|56103,True,True
1809050,True,14744526,True,56101|56103,True,True
1787497,True,11207893,True,56101,True,True
1787497,True,11207893,True,56101,True,True
1787497,True,11207893,True,56101,True,True
1787497,True,11207893,True,56101,True,True
1878741,True,16363983,True,56103,True,True
1878741,True,16363983,True,56103,True,True
1878741,True,16363983,True,56103,True,True
334349,True,10429524,True,56101,True,True
334349,True,10429524,True,56101,True,True
1932029,True,05836694,False,7222,False,False
1932029,True,05836694,False,7222,False,False
1932029,True,05836694,False,7222,False,False
412319,False,,,,,
412319,False,,,,,
1874333,False,,,,,
1874333,False,,,,,
1874333,False,,,,,
1874333,False,,,,,
1574220,True,06275601,True,56101,False,False
1574220,True,06275601,True,56101,False,False
1574220,True,06275601,True,56101,False,False
1574220,True,06275601,True,56101,False,False
1670147,True,13887702,False,10832,True,False
1670147,True,13887702,False,10832,True,False
1670147,True,13887702,False,10832,True,False
1670147,True,13887702,False,10832,True,False
1397495,True,12274597,True,56103,True,True
1397495,True,12274597,True,56103,True,True
1397495,True,12274597,True,56103,True,True
1397495,True,12274597,True,56103,True,True
1701932,False,,,,,
1701932,False,,,,,
1701932,False,,,,,
1701932,False,,,,,
1734290,True,15720950,True,56101|56210,True,True
1734290,True,15720950,True,56101|56210,True,True
1734290,True,15720950,True,56101|56210,True,True
1734290,True,15720950,True,56101|56210,True,True
948352,True,15204598,False,47910,True,False
948352,True,15204598,False,47910,True,False
1210114,False,,,,,
1210114,False,,,,,
1210114,False,,,,,
1224357,True,08185191,True,56101,True,True
1224357,True,08185191,True,56101,True,True
1224357,True,08185191,True,56101,True,True
1224357,True,08185191,True,56101,True,True
1779509,True,15937554,True,56103,True,True
1779509,True,15937554,True,56103,True,True
1739073,True,14721029,True,56101,True,True
1739073,True,14721029,True,56101,True,True
1739073,True,14721029,True,56101,True,True
1407690,True,02856316,False,56290,False,False
1407690,True,02856316,False,56290,False,False
1407690,True,02856316,False,56290,False,False
1407690,True,02856316,False,56290,False,False
491046,True,NF004016,False,,False,False
491046,True,NF004016,False,,False,False
491046,True,NF004016,False,,False,False
491046,True,NF004016,False,,False,False
1875160,False,,,,,
1875160,False,,,,,
1875160,False,,,,,
1875160,False,,,,,
1636304,True,14586778,True,56101,True,True
1636304,True,14586778,True,56101,True,True
1636304,True,14586778,True,56101,True,True
1636304,True,14586778,True,56101,True,True
1873729,True,15550997,False,56290,True,False
1873729,True,15550997,False,56290,True,False
1873729,True,15550997,False,56290,True,False
1873729,True,15550997,False,56290,True,False
1840508,True,15266022,True,56103|56210|56290,True,True
1840508,True,15266022,True,56103|56210|56290,True,True
1840508,True,15266022,True,56103|56210|56290,True,True
1840508,True,15266022,True,56103|56210|56290,True,True
1825228,True,14610818,True,56101,True,True
1825228,True,14610818,True,56101,True,True
1825228,True,14610818,True,56101,True,True
1884922,True,16689029,True,56103,True,True
1884922,True,16689029,True,56103,True,True
1202406,True,01962583,False,56290,False,False
1202406,True,01962583,False,56290,False,False
1939885,True,16093255,False,10710,True,False
1798568,True,11353183,False,10520,True,False
1798568,True,11353183,False,10520,True,False
1798568,True,11353183,False,10520,True,False
1798568,True,11353183,False,10520,True,False
1629605,True,14863985,False,56210,True,False
1629605,True,14863985,False,56210,True,False
1629605,True,14863985,False,56210,True,False
1903894,True,11767479,False,56290,True,False
1903894,True,11767479,False,56290,True,False
1903894,True,11767479,False,56290,True,False
1903894,True,11767479,False,56290,True,False
1594594,True,14578687,False,10710,True,False
1594594,True,14578687,False,10710,True,False
1594594,True,14578687,False,10710,True,False
1594594,True,14578687,False,10710,True,False
1582149,False,,,,,
1582149,False,,,,,
1582149,False,,,,,
1582149,False,,,,,
1947279,False,,,,,
1947279,False,,,,,
1947279,False,,,,,
1947279,False,,,,,
1947279,False,,,,,
1034917,True,00757412,False,94990,True,False
1034917,True,00757412,False,94990,True,False
1034917,True,00757412,False,94990,True,False
1034917,True,00757412,False,94990,True,False
1552696,False,,,,,
1552696,False,,,,,
1552696,False,,,,,
1552696,False,,,,,
1021695,False,,,,,
1021695,False,,,,,
1759355,True,15701277,True,56102|88910,True,True
1759355,True,15701277,True,56102|88910,True,True
1759355,True,15701277,True,56102|88910,True,True
1759355,True,15701277,True,56102|88910,True,True
695488,True,07356662,True,56101,True,True
695488,True,07356662,True,56101,True,True
695488,True,07356662,True,56101,True,True
695488,True,07356662,True,56101,True,True
1659372,True,02856316,False,56290,False,False
1659372,True,02856316,False,56290,False,False
1659372,True,02856316,False,56290,False,False
1659372,True,02856316,False,56290,False,False
1761939,False,,,,,
1761939,False,,,,,
1975631,True,08093774,False,56290,False,False
1975631,True,08093774,False,56290,False,False
1975631,True,08093774,False,56290,False,False
1975631,True,08093774,False,56290,False,False
1798385,True,13244408,True,56102|56103|56210|56290,True,True
1798385,True,13244408,True,56102|56103|56210|56290,True,True
1798385,True,13244408,True,56102|56103|56210|56290,True,True
1798385,True,13244408,True,56102|56103|56210|56290,True,True
1955050,True,13628355,False,47190,True,False
1955050,True,13628355,False,47190,True,False
1955050,True,13628355,False,47190,True,False
1592199,True,13680344,False,56290,True,False
1592199,True,13680344,False,56290,True,False
519753,True,07837302,False,,True,False
519753,True,07837302,False,,True,False
519753,True,07837302,False,,True,False
490533,True,15791888,False,56290,True,False
490533,True,15791888,False,56290,True,False
490533,True,15791888,False,56290,True,False
1960264,True,05763500,False,5530,False,False
1960264,True,05763500,False,5530,False,False
1624052,False,,,,,
1624052,False,,,,,
1942758,True,16213180,True,56103,True,True
1942758,True,16213180,True,56103,True,True
1942758,True,16213180,True,56103,True,True
1176047,True,09303465,False,10520,True,False
1176047,True,09303465,False,10520,True,False
1468366,False,,,,,
1468366,False,,,,,
1468366,False,,,,,
1468366,False,,,,,
1648072,True,13145369,False,56210|96090,False,False
1648072,True,13145369,False,56210|96090,False,False
1648072,True,13145369,False,56210|96090,False,False
1648072,True,13145369,False,56210|96090,False,False
1669325,False,,,,,
1669325,False,,,,,
1669325,False,,,,,
1669325,False,,,,,
1897521,True,15087239,False,56210|56290,True,False
1897521,True,15087239,False,56210|56290,True,False
1897521,True,15087239,False,56210|56290,True,False
1897521,True,15087239,False,56210|56290,True,False
1897521,True,15087239,False,56210|56290,True,False
1955386,True,17204838,True,56101,True,True
1955386,True,17204838,True,56101,True,True
1955386,True,17204838,True,56101,True,True
1955386,True,17204838,True,56101,True,True
1495652,True,09557837,False,56210,True,False
1495652,True,09557837,False,56210,True,False
1495652,True,09557837,False,56210,True,False
1495652,True,09557837,False,56210,True,False
1691246,True,06707777,True,56102,False,False
1691246,True,06707777,True,56102,False,False
1691246,True,06707777,True,56102,False,False
1965890,True,17307662,True,56103,True,True
1965890,True,17307662,True,56103,True,True
1965890,True,17307662,True,56103,True,True
1965890,True,17307662,True,56103,True,True
532175,False,,,,,
532175,False,,,,,
516234,True,02613820,True,56101|56210|56290,False,False
516234,True,02613820,True,56101|56210|56290,False,False
516234,True,02613820,True,56101|56210|56290,False,False
1794469,False,,,,,
1794469,False,,,,,
1794469,False,,,,,
1794469,False,,,,,
1764109,True,15754144,True,56103,True,True
1764109,True,15754144,True,56103,True,True
1764109,True,15754144,True,56103,True,True
1764109,True,15754144,True,56103,True,True
1408999,False,,,,,
1408999,False,,,,,
1408999,False,,,,,
1408999,False,,,,,
1408999,False,,,,,
1882178,False,,,,,
1882178,False,,,,,
1882178,False,,,,,
1882178,False,,,,,
1758957,False,,,,,
1758957,False,,,,,
1758957,False,,,,,
1758957,False,,,,,
1792820,False,,,,,
1792820,False,,,,,
1792820,False,,,,,
1792820,False,,,,,
1880924,True,16048562,True,56102,True,True
1880924,True,16048562,True,56102,True,True
1727212,False,,,,,
1727212,False,,,,,
1727212,False,,,,,
1727212,False,,,,,
1880910,False,,,,,
1880910,False,,,,,
1019331,True,03505757,True,56101|56102|56103,False,False
1019331,True,03505757,True,56101|56102|56103,False,False
1019331,True,03505757,True,56101|56102|56103,False,False
1019331,True,03505757,True,56101|56102|56103,False,False
1043942,True,10857052,True,56101,True,True
1043942,True,10857052,True,56101,True,True
1018549,True,09852510,False,56210|56290,False,False
1018549,True,09852510,False,56210|56290,False,False
1018549,True,09852510,False,56210|56290,False,False
1018549,True,09852510,False,56210|56290,False,False
1601547,True,16281878,True,56101,True,True
1601547,True,16281878,True,56101,True,True
1656214,True,02856316,False,56290,False,False
1656214,True,02856316,False,56290,False,False
1656214,True,02856316,False,56290,False,False
1656214,True,02856316,False,56290,False,False
519930,False,,,,,
519930,False,,,,,
519930,False,,,,,
519930,False,,,,,
1843273,True,07979383,False,82990,True,False
1843273,True,07979383,False,82990,True,False
1267282,False,,,,,
1267282,False,,,,,
1267282,False,,,,,
1267282,False,,,,,
1374780,True,11502380,False,46110|46341|47910,False,False
1374780,True,11502380,False,46110|46341|47910,False,False
1374780,True,11502380,False,46110|46341|47910,False,False
1374780,True,11502380,False,46110|46341|47910,False,False
694323,False,,,,,
694323,False,,,,,
694323,False,,,,,
694323,False,,,,,
414051,False,,,,,
414051,False,,,,,
1608590,True,10124447,True,56102,False,False
1608590,True,10124447,True,56102,False,False
1608590,True,10124447,True,56102,False,False
1608590,True,10124447,True,56102,False,False
1068803,True,09603534,True,56103,True,True
1068803,True,09603534,True,56103,True,True
1068803,True,09603534,True,56103,True,True
1068803,True,09603534,True,56103,True,True
1841691,False,,,,,
1841691,False,,,,,
1841691,False,,,,,
1841691,False,,,,,
