borough,counter_n,service_n,counter_3y,service_3y,gap_pp
Epping Forest,140,142,0.6858057665129504,0.49777730578566953,18.80284607272809
Elmbridge,26,35,0.5333333333333333,0.42061986084756475,11.271347248576857
Spelthorne,56,43,0.43687378442234853,0.3366687513028976,10.020503311945095
Hillingdon,650,599,0.4602277045661552,0.4434626356959228,1.676506887023238
Ealing,644,855,0.45140879725131966,0.43812295561494885,1.328584163637081
Merton,403,444,0.5224767577873154,0.5255419465398993,-0.30651887525838806
Reigate and Banstead,21,34,0.6515837104072398,0.6630460448642267,-1.1462334456986856
Bexley,355,366,0.45919141964866805,0.48002378611106,-2.083236646239195
Bromley,369,442,0.4835933053773561,0.5048255375391844,-2.1232232161828235
Hertsmere,102,167,0.4533346736323665,0.4750142049728721,-2.16795313405056
Tandridge,29,36,0.34047619047619043,0.362603305785124,-2.2127115308933574
Newham,1082,1144,0.3661217334592202,0.3955403843448733,-2.9418650885653097
Enfield,866,1056,0.4465116712745927,0.4848031880380506,-3.829151676345793
Waltham Forest,597,832,0.3938380720742612,0.4488744971446239,-5.503642507036272
Redbridge,889,1041,0.40964976973131006,0.4658791915790066,-5.622942184769652
Hounslow,477,668,0.3968915301102256,0.4541421848997233,-5.72506547894977
Islington,934,1450,0.36433271425464636,0.42850404693229627,-6.41713326776499
Camden,950,1801,0.4481485838047865,0.5127070657109744,-6.455848190618784
Barnet,777,1056,0.4446542688714494,0.5116429169837768,-6.698864811232746
Brent,780,921,0.3912180536542856,0.459242247375695,-6.802419372140944
Barking and Dagenham,486,395,0.37043657719529693,0.44070378966721147,-7.026721247191453
Hammersmith and Fulham,301,528,0.42205260270753,0.4952188889315021,-7.316628622397214
Hackney,1195,1591,0.2881000168702031,0.3664984768125477,-7.839845994234462
Harrow,785,861,0.46101628964389674,0.5566617384837097,-9.564544883981297
Tower Hamlets,1004,1510,0.38390053243590727,0.4795460681141808,-9.564553567827355
Greenwich,428,465,0.408367376825183,0.5052881843283819,-9.692080750319887
Croydon,842,832,0.43864276620047393,0.5392155354631306,-10.057276926265668
Westminster,650,1622,0.5120434676352457,0.6134419018392367,-10.139843420399108
Wandsworth,411,566,0.4099341429364528,0.5161297993603731,-10.619565642392025
Southwark,477,579,0.3918401471582986,0.5039513739989868,-11.211122684068819
Sutton,250,249,0.4736527498008468,0.5967818703750879,-12.312912057424107
Broxbourne,95,148,0.5112738936858293,0.6450464384351697,-13.377254474934041
Havering,423,476,0.37698220243094205,0.511875681146643,-13.48934787157009
Haringey,1232,1046,0.3039423455674959,0.4399845575887699,-13.604221202127404
Thurrock,36,30,0.25647495361781086,0.39493575207860915,-13.846079846079828
Lewisham,525,471,0.29755863281399164,0.4528833315595169,-15.532469874552524
Epsom and Ewell,92,91,0.4544482284561248,0.6277560208737806,-17.330779241765576
Lambeth,418,655,0.37098396666525457,0.5442948160269319,-17.331084936167727
City of London,92,261,0.3552468597878205,0.5306926851553698,-17.544582536754934
Mole Valley,20,28,0.25174825174825183,0.43228070175438593,-18.053245000613412
Dartford,111,124,0.4023839949667731,0.5885647703715726,-18.618077540479955
Richmond upon Thames,139,294,0.3978717603207265,0.5959174202488765,-19.804565992815
Kingston upon Thames,243,308,0.43034211165104447,0.6323661337960345,-20.202402214499
Kensington and Chelsea,134,350,0.37241653067590375,0.588585192236753,-21.616866156084924
Three Rivers,40,56,0.3389518176207699,0.5635357807634127,-22.458396314264277
Sevenoaks,21,12,0.25431468883849834,0.5714285714285715,-31.711388259007318
