financial_year,counter_median,counter_q1,counter_q3,counter_n,counter_share_growing,service_median,service_q1,service_q3,service_n,service_share_growing,effect_size,p
2018,0.0419047619047619,-0.3970018156500724,0.4361230413894129,703,0.5391180654338549,0.0,-0.3990886643436681,0.37466305771284697,1550,0.4870967741935484,0.03413297847932828,0.1936404910779641
2019,0.07443875541551792,-0.27896731169001954,0.4839146401527193,1407,0.5756929637526652,0.027072630978610727,-0.30716323784902005,0.40405122040670227,3090,0.53042071197411,0.04046802510793235,0.029317492013896745
2020,0.05351344739119983,-0.36841081767788963,0.5937870943225472,1760,0.5505681818181818,0.0,-0.4479462888488785,0.44085171737655543,3693,0.4836176550230165,0.06755655663048032,5.3574389054980715e-05
2021,0.08896971140624418,-0.3893291257597008,0.7663930801057084,2094,0.563992359121299,0.05520210783368678,-0.3369034669760144,0.738684353991834,4067,0.5515121711335137,0.0015994038724338466,0.9179767403903384
2022,0.0,-0.4682805268778925,0.4085003241171331,1801,0.495835646862854,0.017850674740645115,-0.4281778967026887,0.569649037473406,3499,0.520720205773078,-0.04325706448372102,0.009785311299111477
2023,0.0013252250714031232,-0.4496112320168615,0.39972787430284096,2014,0.5049652432969215,0.0,-0.4548725668246001,0.34141152945277176,3898,0.48127244740892766,0.0259230792355003,0.1018185742748694
2024,0.015085682097861115,-0.3697830559484353,0.3637332209908803,2826,0.5230007077140835,0.0034010301823082225,-0.3615103049783057,0.33727367995960156,5376,0.5063244047619048,0.010318658270987102,0.44178306386998245
2025,0.025983262045531155,-0.317880998420494,0.36938413545436743,2434,0.5357436318816763,0.0,-0.367716673548619,0.31340650045480434,4318,0.48981009726725333,0.04694219188332038,0.0013378411407185494
2026,0.03285248953001396,-0.26976284584980237,0.34194908636576604,125,0.552,0.01971000245760629,-0.38769831182783987,0.41243821606557907,199,0.5477386934673367,0.01756783919597993,0.7905367846065314
