year,counter,service,total,counter_share,ci_low,ci_high
2018,2921,4551,7472,0.3909261241970021,0.3799206761078528,0.40204367155836845
2019,3244,4890,8134,0.39881976887140397,0.388228637793346,0.4095064274848969
2020,4257,4780,9037,0.4710634059975656,0.46078622126801594,0.4813651819818763
2021,3954,4527,8481,0.4662186062964273,0.45561911697590257,0.4768486853693999
2022,4213,5004,9217,0.45709015948790277,0.44694001986256954,0.46727605342948225
2023,4545,5924,10469,0.4341388862355526,0.4246702418691251,0.44365584834883437
2024,4853,6239,11092,0.4375225387666787,0.42831357000559894,0.44677476939535293
2025,5167,6779,11946,0.4325297170601038,0.4236684856083891,0.44143432880883293
2026,2914,4021,6935,0.4201874549387167,0.40861766215104006,0.43184562209513727
