quarter,counter,service,gap
2018-01-01,56.773879142300196,47.269665624248255,-9.504213518051941
2018-04-01,49.25760075418336,45.34212695795548,-3.9154737962278787
2018-07-01,56.79765130984643,43.42574485217992,-13.371906457666512
2018-10-01,54.81268648469444,41.99075639724946,-12.821930087444976
2019-01-01,60.674886437378326,43.97726645698836,-16.697619980389966
2019-04-01,62.7163083377032,49.756567331870954,-12.959741005832242
2019-07-01,59.68778696051423,46.50425408233367,-13.183532878180564
2019-10-01,58.323329331732694,45.22769806612602,-13.095631265606677
2020-01-01,58.93928957984847,48.52579852579853,-10.413491054049942
2020-04-01,6.512162420992147,6.646191027642113,0.13402860664996563
2020-07-01,25.665902275533604,21.778231490933837,-3.8876707845997664
2020-10-01,50.486223662884925,46.68213457076566,-3.8040890921192627
2021-01-01,55.222369343406804,43.33853640620696,-11.883832937199841
2021-04-01,32.233826733789165,24.40798145538839,-7.825845278400774
2021-07-01,46.60864561605409,35.36067892503536,-11.247966691018732
2021-10-01,49.87636877428471,33.36095242248484,-16.515416351799864
2022-01-01,53.901006711409394,34.733267420367106,-19.167739291042288
2022-04-01,51.993423756679,31.265822784810126,-20.727600971868874
2022-07-01,56.98062792251169,33.587157851409756,-23.39347007110193
2022-10-01,39.52673673078194,24.596464258262873,-14.930272472519068
2023-01-01,53.488671472708546,35.975489227119986,-17.51318224558856
2023-04-01,57.429237849082774,37.93702916747151,-19.492208681611267
2023-07-01,51.14059013141582,36.20081205175881,-14.93977807965701
2023-10-01,53.19213681455785,35.31073446327684,-17.88140235128101
2024-01-01,51.268181271787476,35.69865810968495,-15.569523162102527
2024-04-01,48.29528783522094,32.94863574837928,-15.346652086841658
2024-07-01,47.83651101723941,38.477566328656756,-9.358944688582653
2024-10-01,54.21011324139477,41.68805832220967,-12.522054919185102
2025-01-01,42.69850083287063,31.970916997927496,-10.727583834943133
2025-04-01,45.53763440860215,34.415627268527686,-11.122007140074466
2025-07-01,56.2274226480289,42.53329463738673,-13.694128010642167
2025-10-01,51.95678023057437,37.661303170304286,-14.29547706027008
2026-01-01,51.996714916333026,41.76385299123747,-10.232861925095555
2026-04-01,47.089302042060346,35.621660469331,-11.467641572729349
2026-07-01,37.23777978520526,28.527465763963686,-8.710314021241576
