year,sic_primary,format,companies
1898,56101,service,1
1905,56101,service,1
1913,56101,service,1
1915,56101,service,1
1923,56101,service,1
1931,56101,service,1
1936,56101,service,1
1937,56101,service,1
1939,47240,counter,1
1939,56101,service,1
1941,56101,service,1
1943,56101,service,1
1945,56101,service,2
1946,56101,service,1
1947,56101,service,1
1950,56101,service,2
1951,56101,service,1
1954,56102,service,1
1955,56101,service,1
1956,56101,service,2
1957,56101,service,1
1959,56101,service,3
1960,56101,service,3
1960,56103,counter,1
1961,56101,service,4
1963,56101,service,3
1963,56103,counter,1
1964,56101,service,3
1964,56102,service,1
1965,56101,service,2
1965,56102,service,1
1966,47240,counter,1
1966,56101,service,5
1966,56102,service,1
1967,47240,counter,2
1967,56101,service,4
1968,56101,service,3
1968,56103,counter,1
1969,56101,service,5
1970,56101,service,3
1970,56102,service,1
1970,56103,counter,1
1971,56101,service,2
1971,56102,service,1
1972,56101,service,5
1973,56101,service,7
1973,56102,service,1
1974,56101,service,1
1975,47240,counter,1
1975,56101,service,4
1975,56102,service,1
1976,56101,service,10
1976,56103,counter,4
1977,47240,counter,2
1977,56101,service,8
1977,56103,counter,1
1978,47240,counter,3
1978,56101,service,9
1978,56102,service,3
1978,56103,counter,1
1979,47240,counter,1
1979,56101,service,8
1979,56102,service,1
1979,56103,counter,1
1980,47240,counter,1
1980,56101,service,9
1980,56102,service,2
1981,47240,counter,1
1981,56101,service,7
1981,56102,service,2
1982,56101,service,9
1982,56103,counter,1
1983,47240,counter,1
1983,56101,service,14
1983,56102,service,3
1984,47240,counter,1
1984,56101,service,15
1984,56102,service,2
1985,47240,counter,1
1985,56101,service,22
1985,56102,service,4
1985,56103,counter,1
1986,47240,counter,2
1986,56101,service,17
1986,56102,service,5
1987,47240,counter,1
1987,56101,service,13
1987,56102,service,3
1987,56103,counter,1
1988,47240,counter,2
1988,56101,service,14
1988,56102,service,3
1988,56103,counter,2
1989,47240,counter,1
1989,56101,service,11
1989,56102,service,4
1989,56103,counter,1
1990,47240,counter,1
1990,56101,service,19
1990,56102,service,3
1991,47240,counter,1
1991,56101,service,24
1991,56102,service,2
1991,56103,counter,2
1992,47240,counter,1
1992,56101,service,37
1992,56102,service,4
1993,47240,counter,4
1993,56101,service,45
1993,56102,service,3
1993,56103,counter,6
1994,47240,counter,3
1994,56101,service,44
1994,56102,service,6
1994,56103,counter,1
1995,47240,counter,3
1995,56101,service,53
1995,56102,service,11
1995,56103,counter,7
1996,47240,counter,2
1996,56101,service,58
1996,56102,service,11
1996,56103,counter,10
1997,47240,counter,6
1997,56101,service,75
1997,56102,service,14
1997,56103,counter,4
1998,47240,counter,10
1998,56101,service,86
1998,56102,service,24
1998,56103,counter,19
1999,47240,counter,9
1999,56101,service,116
1999,56102,service,16
1999,56103,counter,13
2000,47240,counter,11
2000,56101,service,119
2000,56102,service,28
2000,56103,counter,31
2001,47240,counter,9
2001,56101,service,136
2001,56102,service,38
2001,56103,counter,27
2002,47240,counter,12
2002,56101,service,191
2002,56102,service,44
2002,56103,counter,51
2003,47240,counter,18
2003,56101,service,237
2003,56102,service,64
2003,56103,counter,66
2004,47240,counter,21
2004,56101,service,245
2004,56102,service,85
2004,56103,counter,81
2005,47240,counter,22
2005,56101,service,260
2005,56102,service,93
2005,56103,counter,107
2006,47240,counter,26
2006,56101,service,336
2006,56102,service,129
2006,56103,counter,103
2007,47240,counter,22
2007,56101,service,379
2007,56102,service,145
2007,56103,counter,129
2008,47240,counter,35
2008,56101,service,423
2008,56102,service,198
2008,56103,counter,188
2009,47240,counter,61
2009,56101,service,630
2009,56102,service,303
2009,56103,counter,276
2010,47240,counter,81
2010,56101,service,951
2010,56102,service,416
2010,56103,counter,494
2011,47240,counter,79
2011,56101,service,1182
2011,56102,service,654
2011,56103,counter,787
2012,47240,counter,94
2012,56101,service,1266
2012,56102,service,736
2012,56103,counter,980
2013,47240,counter,99
2013,56101,service,1360
2013,56102,service,861
2013,56103,counter,1030
2014,47240,counter,103
2014,56101,service,1441
2014,56102,service,924
2014,56103,counter,1197
2015,47240,counter,110
2015,56101,service,1404
2015,56102,service,975
2015,56103,counter,1352
2016,47240,counter,132
2016,56101,service,1894
2016,56102,service,1265
2016,56103,counter,1726
2017,47240,counter,188
2017,56101,service,2392
2017,56102,service,1520
2017,56103,counter,2288
2018,47240,counter,268
2018,56101,service,2597
2018,56102,service,1954
2018,56103,counter,2653
2019,47240,counter,291
2019,56101,service,2804
2019,56102,service,2086
2019,56103,counter,2953
2020,47240,counter,481
2020,56101,service,2528
2020,56102,service,2252
2020,56103,counter,3776
2021,47240,counter,529
2021,56101,service,2350
2021,56102,service,2177
2021,56103,counter,3425
2022,47240,counter,447
2022,56101,service,2631
2022,56102,service,2373
2022,56103,counter,3766
2023,47240,counter,465
2023,56101,service,3088
2023,56102,service,2836
2023,56103,counter,4080
2024,47240,counter,474
2024,56101,service,3068
2024,56102,service,3171
2024,56103,counter,4379
2025,47240,counter,589
2025,56101,service,3200
2025,56102,service,3579
2025,56103,counter,4578
2026,47240,counter,305
2026,56101,service,1891
2026,56102,service,2130
2026,56103,counter,2609
