,A_as_registered,rank_A_as_registered,B_single_company,rank_B_single_company,C_premises_confirmed,rank_C_premises_confirmed,metric
Barking and Dagenham,0.4016305092710393,26,0.6405010752885346,5,0.4719230633998146,26,survival_3y
Barnet,0.4842696486844748,9,0.5859057926948112,14,0.5952922445454286,3,survival_3y
Bexley,0.4709587944342336,11,0.5690180852916674,18,0.46114051878448187,27,survival_3y
Brent,0.42729134597446117,23,0.49063397931240815,27,0.48199621923716307,22,survival_3y
Bromley,0.495402351882905,6,0.6678971886838952,2,0.5709658858432665,6,survival_3y
Camden,0.4901959906422631,7,0.608991953059178,7,0.5012370684662809,17,survival_3y
Croydon,0.48897882141498034,8,0.5883091895417449,13,0.49662894715192624,18,survival_3y
Ealing,0.44330304712779733,19,0.6055041715807004,10,0.49168255726582455,19,survival_3y
Enfield,0.4674145795551506,14,0.5200729033730881,24,0.5332329861644,13,survival_3y
Greenwich,0.45756700283494817,15,0.5763679819921287,15,0.5144959568803874,14,survival_3y
Hackney,0.3325536188958673,30,0.5540334646764694,20,0.34569448355098953,30,survival_3y
Hammersmith and Fulham,0.4680315175598734,13,0.5672361825636554,19,0.5375693989433123,12,survival_3y
Haringey,0.36660673939686395,29,0.60168704002327,11,0.5098941174347306,16,survival_3y
Harrow,0.5120772477559028,5,0.5227709538273901,23,0.5621855320652313,10,survival_3y
Havering,0.44416070399028457,18,0.5057569482832266,25,0.4875002456154472,21,survival_3y
Hillingdon,0.45276093492510433,17,0.5731413768677768,16,0.5576691964995967,11,survival_3y
Hounslow,0.43016020544947603,22,0.4742661621669318,28,0.5133645949930696,15,survival_3y
Islington,0.40481879721393454,25,0.573134389851982,17,0.4815623559660518,23,survival_3y
Kingston upon Thames,0.5494501781047015,2,0.6059974644572722,9,0.5670700705351617,8,survival_3y
Lambeth,0.4787168168231373,10,0.6532126845017039,3,0.5638750934262922,9,survival_3y
Lewisham,0.3714618557504841,28,0.5244870381369398,22,0.4610119960151547,28,survival_3y
Merton,0.5242569323425961,4,0.6942636961397983,1,0.5839911850046131,5,survival_3y
Newham,0.38082015966347055,27,0.46547030170364817,29,0.47742782955205226,25,survival_3y
Redbridge,0.4384532522638597,21,0.500913020490096,26,0.4905173254932797,20,survival_3y
Southwark,0.45297326403349514,16,0.6269254890162008,6,0.569219160936062,7,survival_3y
Sutton,0.5333177558960114,3,0.6471615335077567,4,0.6032449211524579,2,survival_3y
Tower Hamlets,0.44212746577444806,20,0.5485032506396251,21,0.47786344178863155,24,survival_3y
Waltham Forest,0.42594841475199685,24,0.45293910918290037,30,0.423014048555882,29,survival_3y
Wandsworth,0.47049443660399265,12,0.6081191328194233,8,0.590874434930759,4,survival_3y
Westminster,0.5839065454995662,1,0.5893985786239888,12,0.6201537813887975,1,survival_3y
