sic,financial_year,n,pct_negative_equity,pct_negative_working_capital,median_cash_share,pct_with_longterm_creditors
56101,2018,5567,25.2,66.0,0.435,0.1
56101,2019,6253,26.7,63.8,0.401,0.0
56101,2020,7340,27.8,55.1,0.529,0.0
56101,2021,7475,26.0,49.1,0.57,0.0
56101,2022,6061,28.0,51.2,0.507,0.0
56101,2023,8468,28.6,53.9,0.423,0.0
56101,2024,8829,28.8,55.4,0.386,0.0
56101,2025,7249,28.8,56.4,0.398,0.0
56102,2018,3584,23.7,62.9,0.474,0.3
56102,2019,4154,24.5,63.3,0.476,0.0
56102,2020,5025,24.9,55.7,0.641,0.0
56102,2021,5477,24.2,51.2,0.674,0.0
56102,2022,4551,25.8,55.2,0.554,0.0
56102,2023,6499,27.4,57.0,0.492,0.0
56102,2024,7181,27.2,57.3,0.444,0.0
56102,2025,6284,27.6,59.0,0.441,0.0
56103,2018,4024,19.0,58.0,0.571,0.1
56103,2019,4534,18.8,56.7,0.584,0.0
56103,2020,5568,18.9,49.8,0.736,0.0
56103,2021,6225,19.3,46.9,0.734,0.0
56103,2022,5236,23.5,52.3,0.594,0.0
56103,2023,7361,24.9,55.7,0.565,0.0
56103,2024,8042,24.9,55.5,0.532,0.0
56103,2025,7141,25.1,56.3,0.519,0.0
47240,2018,599,21.0,58.8,0.333,0.3
47240,2019,702,20.5,58.4,0.345,0.0
47240,2020,801,20.3,50.2,0.458,0.0
47240,2021,900,20.0,44.1,0.539,0.0
47240,2022,811,23.4,47.8,0.421,0.0
47240,2023,1177,22.7,46.8,0.336,0.0
47240,2024,1285,23.8,47.1,0.358,0.0
47240,2025,1144,22.7,48.9,0.38,0.0
