successor_sic,description,n
68100,68100 - Buying and selling of own real estate,264
47910,47910 - Retail sale via mail order houses or via Internet,219
68209,68209 - Other letting and operating of own or leased real estate,163
56290,56290 - Other food services,162
96020,96020 - Hairdressing and other beauty treatment,138
96090,96090 - Other service activities n.e.c.,119
70229,70229 - Management consultancy activities other than financial management,107
56210,56210 - Event catering activities,105
47110,"47110 - Retail sale in non-specialised stores with food, beverages or tobacco predominating",95
62020,62020 - Information technology consultancy activities,92
82990,82990 - Other business support service activities n.e.c.,86
41202,41202 - Construction of domestic buildings,86
47190,47190 - Other retail sale in non-specialised stores,75
41201,41201 - Construction of commercial buildings,68
62012,62012 - Business and domestic software development,68
62090,62090 - Other information technology service activities,62
86900,86900 - Other human health activities,57
64209,64209 - Activities of other holding companies n.e.c.,54
41100,41100 - Development of building projects,52
45112,45112 - Sale of used cars and light motor vehicles,51
47990,"47990 - Other retail sale not in stores, stalls or markets",50
47290,47290 - Other retail sale of food in specialised stores,48
49410,49410 - Freight transport by road,44
46900,46900 - Non-specialised wholesale trade,43
98000,98000 - Residents property management,40
43220,"43220 - Plumbing, heat and air-conditioning installation",39
10710,10710 - Manufacture of bread; manufacture of fresh pastry goods and cakes,36
47710,47710 - Retail sale of clothing in specialised stores,35
85590,85590 - Other education n.e.c.,35
49320,49320 - Taxi operation,34
46420,46420 - Wholesale of clothing and footwear,32
81210,81210 - General cleaning of buildings,30
43999,43999 - Other specialised construction activities n.e.c.,30
47220,47220 - Retail sale of meat and meat products in specialised stores,29
99999,99999 - Dormant Company,27
68310,68310 - Real estate agencies,27
85600,85600 - Educational support services,27
59112,59112 - Video production activities,26
45200,45200 - Maintenance and repair of motor vehicles,25
79110,79110 - Travel agency activities,25
,None Supplied,24
64999,64999 - Financial intermediation not elsewhere classified,24
43390,43390 - Other building completion and finishing,23
68320,68320 - Management of real estate on a fee or contract basis,23
80100,80100 - Private security activities,23
74100,74100 - specialised design activities,23
55100,55100 - Hotels and similar accommodation,22
73110,73110 - Advertising agencies,22
56302,56302 - Public houses and bars,22
78109,78109 - Other activities of employment placement agencies,22
69201,69201 - Accounting and auditing activities,21
74909,"74909 - Other professional, scientific and technical activities n.e.c.",20
43290,43290 - Other construction installation,19
90010,90010 - Performing arts,19
59200,59200 - Sound recording and music publishing activities,19
93130,93130 - Fitness facilities,18
77110,77110 - Renting and leasing of cars and light motor vehicles,18
49420,49420 - Removal services,17
47250,47250 - Retail sale of beverages in specialised stores,17
47210,47210 - Retail sale of fruit and vegetables in specialised stores,17
