station,2019,2025,recovery,group
Lancaster Gate,6628043.177404065,2839456.21943619,0.42840038054011137,Inner
Roding Valley,449611.85444216395,204504.714739651,0.45484724817449756,Outer
Chancery Lane,17253848.79671703,8040785.92199998,0.4660285375591061,City
Barbican,10467974.093180822,5339119.71019872,0.5100432674624974,City
Ealing Common,3068293.808016923,1707533.62037705,0.5565091634691434,Outer
Regent's Park,3867435.200330637,2176048.01728961,0.5626592055384856,West End
Old Street,27107821.548237745,15259268.9265026,0.5629101880927275,City
Northfields,3975886.2582868617,2267986.6303032,0.5704354910998976,Outer
Grange Hill,652468.1880290551,372478.62905003,0.5708763061310249,Outer
Finchley Central,8485022.844863895,4855864.34462525,0.5722865375152848,Outer
Southwark,14953717.355884628,8581018.08116121,0.5738384561471188,Inner
Boston Manor,2185122.4217903754,1279015.82567729,0.5853291389639081,Outer
North Ealing,880332.865756574,517545.979046065,0.5878980544492982,Outer
Chigwell,524832.6468964587,308690.094814018,0.5881686222063807,Outer
South Ealing,3518541.8825644255,2085840.14858824,0.5928137899748441,Outer
Newbury Park,5079923.9010822,3013048.34104226,0.5931286373011171,Outer
Goodge Street,8507731.008623684,5064403.56749906,0.5952707675366832,West End
Holborn,31253089.17456905,19089694.6457173,0.6108098479189946,West End
Cannon Street LU,7108242.536910597,4387490.8165824,0.6172398864838541,Outer
Bethnal Green LU,14920046.630309772,9211396.64114842,0.6173839043127154,Outer
Uxbridge,7992196.963266793,4948514.01249758,0.6191681755644427,Outer
Shepherd's Bush LU,20081602.464907758,12535916.9048188,0.6242488330662401,Outer
Piccadilly Circus,38396960.037378624,24042005.953526,0.6261434741219518,West End
Finsbury Park,33396270.009415165,20981880.8340051,0.6282701879009193,Outer
West Acton,1710257.5231670688,1079495.25257699,0.6311887174616674,Outer
Manor House,8554566.596378244,5399737.63845189,0.6312111288885146,Outer
Brixton LU,32032654.56364157,20270562.2502292,0.6328093168162576,Outer
Kilburn,8116651.403872695,5146650.68995487,0.6340854662674377,Outer
South Kenton,1415442.9143546603,901280.217014677,0.6367478390505036,Outer
Marylebone LU,12881988.93286888,8332429.27948091,0.6468278557684833,Outer
Park Royal,2047992.5190857989,1325404.46083942,0.6471725108796129,Outer
Perivale,2444064.0046632923,1602020.63443957,0.6554740920789728,Outer
Elephant & Castle LU,19754830.030804098,12991845.9152372,0.6576541481237124,Outer
Stockwell,11075025.953690303,7288321.14435684,0.6580861457871621,Outer
Mansion House,6789496.264135827,4474300.06818751,0.65900324473586,City
Angel,17705760.831540033,11689665.4689068,0.6602181956554781,Inner
Bounds Green,5990305.931814009,3961835.4638005,0.6613744788491563,Outer
Wood Green,12133989.849022789,8033103.21009199,0.6620331243098029,Outer
Bank and Monument,61793807.591190994,41119362.3873297,0.6654285273916583,City
Lambeth North,3868658.7005332117,2583709.89416111,0.6678567674643929,Inner
Oxford Circus,78073456.58660991,52338420.6382243,0.6703740672755184,West End
Russell Square,12274251.912245955,8289068.80815266,0.6753217114505121,West End
Wanstead,2771619.4788966007,1874001.97674342,0.6761397049675347,Outer
Leytonstone,9822700.086342907,6652558.86390432,0.677263767134026,Outer
Vauxhall LU,32303635.388507824,21954288.3789065,0.679622838571192,Outer
Canary Wharf LU,47685724.63531792,32551951.9931257,0.6826351542745865,Outer
Heathrow Terminals 123 LU,7881445.724929728,5380663.34987491,0.6827000448477852,Outer
Willesden Green,7966014.058931693,5444524.24123534,0.683469072607373,Outer
Canons Park,2981767.873690837,2038035.57107659,0.6834990708226749,Outer
Mornington Crescent,4001481.882524725,2736255.32738403,0.6838105001384128,Outer
Arnos Grove,4436264.914511683,3043872.4962426,0.6861340688392255,Outer
Southgate,5429159.798905133,3734711.40173365,0.6878985957434532,Outer
Walthamstow Central,18918347.412307803,13019044.8321574,0.6881703009475095,Outer
Marble Arch,12159193.953195827,8379225.69093276,0.6891267400772425,West End
Blackfriars LU,15533460.691872641,10708345.1073215,0.6893727881852033,Outer
Borough,5547447.798490059,3825428.2813971,0.689583466191125,Inner
Hendon Central,7190412.810515516,4968187.1357185,0.6909460230785145,Outer
Aldgate,9956599.948512686,6880587.95384383,0.6910579906217533,City
Holloway Road,6687749.987289712,4634417.41058103,0.6929710918304202,Outer
Redbridge,2804017.7642607796,1948618.54460622,0.6949380169565125,Outer
Covent Garden,16550042.540187936,11513024.9112868,0.6956492639417748,West End
Oval,7170151.647160879,4988299.58207368,0.6957034979935001,Outer
Seven Sisters,17020209.198033355,11855315.5461739,0.6965434683108216,Outer
Queensbury,4114533.301242631,2880487.05626806,0.7000762529733624,Outer
Northwick Park,4357031.041392944,3058176.54646876,0.7018945968975837,Outer
Colindale,7700808.155021594,5409247.34587207,0.702425932055556,Outer
Victoria LU,85468928.03107695,60156524.5493527,0.7038408686660896,Outer
Queensway,8254515.4066988155,5816732.09993528,0.7046727534380525,Outer
Turnpike Lane,10603831.55567472,7483399.4996412,0.705725987851665,Outer
Ruislip,1932543.0399708468,1365346.32059248,0.7065024128068459,Outer
Pimlico,10813686.31042034,7641419.97659721,0.7066433922013945,Inner
Hyde Park Corner,4438809.794933039,3152357.31813342,0.7101807610075742,West End
Gunnersbury,5522635.214381843,3934752.16452743,0.7124772887915345,Outer
Great Portland Street,7974138.10027679,5681466.9557165,0.7124866517572966,West End
Ruislip Manor,1893831.4935613822,1349875.9257621,0.7127750965972349,Outer
Osterley,2179739.020899046,1556561.52038679,0.714104535204759,Outer
Preston Road,3230285.2348378175,2309779.47894316,0.7150388622133942,Outer
Caledonian Road,5603533.047776084,4008166.55929548,0.7152927492568695,Outer
Mile End,14971042.118753087,10743656.0589374,0.717629138554065,Outer
Fairlop,1248117.0266505396,899449.190873576,0.7206449168371235,Outer
Gants Hill,6358481.612772799,4588196.72904191,0.7215868517768811,Outer
Woodside Park,4349738.980185598,3150437.70303673,0.7242820126421252,Outer
Neasden,3450466.331293167,2506726.48490414,0.7264891884815662,Outer
Sudbury Town,1825804.882298227,1331845.01574392,0.729456377653818,Outer
Ickenham,1118572.8252019265,816973.853656873,0.7303716264601651,Outer
Barkingside,1575378.86083523,1152025.78029592,0.7312690356179734,Outer
Burnt Oak,4190341.3737941612,3067022.10394717,0.7319265497383863,Outer
Edgware Road (Bak),4856904.284156878,3562488.40207227,0.7334895220589449,Outer
Canada Water,13114502.911366181,9643033.93809716,0.735295420899229,Outer
Eastcote,2825453.487809889,2082816.20581103,0.737161738742865,Outer
Heathrow Terminal 4 LU,2125219.851872316,1569969.81795691,0.7387328970100522,Outer
Greenford,4170422.7904962446,3083834.57263547,0.7394537023112038,Outer
Dollis Hill,4016751.1650528577,2978324.37380717,0.741475946959233,Outer
Alperton,2858439.053271304,2124893.25375289,0.7433753927064085,Outer
South Woodford,5271034.632724374,3920203.73733658,0.7437256649764021,Outer
Upminster Bridge,1107952.8434435779,825358.316235079,0.7449399323438896,Outer
Bermondsey,9448211.144338831,7038981.49445252,0.7450067940818754,Outer
Acton Town,6186555.3643069975,4613379.10877098,0.7457104700602253,Outer
Ruislip Gardens,1106582.5232166941,825356.76110894,0.7458610124346924,Outer
Leyton,11262368.304708546,8403580.34685641,0.7461645827497099,Outer
Woodford,5862278.87061659,4383516.02525166,0.7477494882106496,Outer
Kingsbury,4551665.453618532,3404421.49349297,0.7479507288450837,Outer
Hanger Lane,3548003.7674424252,2655874.28971522,0.7485545291936667,Outer
Golders Green,7895393.627239079,5923698.6239016,0.7502727417496781,Outer
Warwick Avenue,3999622.1622168114,3001484.03429142,0.7504418948983501,Outer
Sudbury Hill,1910960.4963974284,1435238.35465578,0.7510560042248455,Outer
Kensal Green,2488061.07194788,1875022.97259387,0.7536080981830289,Outer
Charing Cross LU,19477584.884900663,14710614.6282981,0.7552586583617975,Outer
London Bridge LU,74343493.86904058,56194070.1150542,0.7558707183448035,Outer
Balham LU,13064681.983117338,9878417.60832936,0.7561161933443625,Outer
Clapham South,8095215.680323585,6122052.63023681,0.7562556542029152,Outer
Arsenal,2768340.4983537,2094154.63049019,0.7564656991203066,Outer
South Ruislip,1952608.4432930725,1477610.09900097,0.7567365101161714,Outer
Rayners Lane,4159998.568770308,3152405.52704372,0.7577900508690724,Outer
Green Park,39059216.22702828,29612546.2616124,0.7581449174374637,West End
Brent Cross,2406722.7784807114,1825919.14273334,0.758674475955218,Outer
Warren Street,18245764.880948417,13853665.701837,0.7592811697525769,West End
West Kensington,4871928.866644495,3708454.87416431,0.7611882225034374,Outer
Swiss Cottage,7130167.660540736,5429724.58038727,0.7615142923547314,Outer
Cockfosters,1864418.5486914855,1420222.05665798,0.7617506582171378,Outer
Leicester Square,34563636.02269577,26338810.9595516,0.7620381994028798,West End
Hounslow West,3531951.4447846445,2698566.06784325,0.7640439315291297,Outer
Hammersmith (DIS),27049240.358538467,20684266.7918745,0.7646893782488507,Outer
North Harrow,1930536.4996386243,1478822.31982629,0.7660162447605159,Outer
Fulham Broadway,8816444.579737341,6754692.27294252,0.7661469668245513,Outer
Colliers Wood,6836968.071995727,5240670.69793036,0.7665196974366734,Outer
Northwood,2743087.4541725577,2109129.60656488,0.7688889405828627,Outer
Snaresbrook,2378288.6337728747,1830236.10273417,0.7695601268676612,Outer
Northwood Hills,1903374.795141465,1465915.21719467,0.7701663492321903,Outer
Tooting Broadway,15427848.15438639,11894097.6857562,0.7709498801603459,Outer
Kilburn Park,3285734.264018505,2533856.43796138,0.7711690095298314,Outer
West Hampstead LU,10488822.536632696,8099050.65065788,0.772160137362566,Outer
Bow Road,5229778.205893554,4040710.23968375,0.7726351062326474,Outer
Clapham Common,9644362.696815614,7452584.34195639,0.7727399493609974,Outer
Archway,8772643.272485165,6779918.46885547,0.7728478473666257,Outer
East Finchley,6866723.5969223445,5313777.02120046,0.7738446067032737,Outer
Loughton,3473614.955125881,2697031.93590716,0.7764337644640932,Outer
Holland Park,3722034.4362566555,2890624.14600487,0.7766247721533829,Outer
Hainault,3644121.943356696,2835412.89147489,0.7780784879177554,Outer
South Wimbledon,4654243.710602398,3623566.75874302,0.7785511425816638,Outer
Tufnell Park,4051400.6907897745,3155093.17379338,0.778766015656262,Outer
Clapham North,6136734.436058154,4780228.86487204,0.7789531899546485,Outer
Rickmansworth,2387978.7553772666,1864913.09756449,0.7809588311307486,Outer
Tower Hill,20586761.228546813,16098135.492506,0.7819654249539446,City
Croxley,1121607.1057043117,877169.676243757,0.78206501348165,Outer
Hornchurch,2139412.454222183,1674749.55182165,0.7828081717092422,Outer
Kentish Town,8121594.344691097,6369381.22434236,0.7842525684019026,Outer
Highgate,5652864.5759438975,4435997.31138491,0.7847344035557762,Outer
Putney Bridge,5766943.7348319655,4551721.95232811,0.7892780234417764,Outer
Theydon Bois,896336.2484062515,709377.453113156,0.7914189059903342,Outer
Debden,2380050.474064582,1885765.83950203,0.792321784790376,Outer
Finchley Road,9187605.601190412,7284110.14047363,0.792819201939823,Outer
Harrow-on-the-Hill,10698285.77131349,8485773.26997619,0.7931899980396898,Outer
Barons Court,6821845.609491903,5429364.10416791,0.7958790648403862,Outer
Harlesden,3056499.2660641023,2433823.72663581,0.7962781976289756,Outer
Knightsbridge,16528117.416557798,13165341.6574736,0.7965421182381374,West End
Baker Street,28073310.02809352,22388822.7243788,0.797512751505749,West End
Hillingdon,1648054.7728681692,1319481.76293919,0.8006297998475186,Outer
Oakwood,2780379.7403470357,2229287.31633517,0.8017923897175713,Outer
Stamford Brook,2749841.1752907704,2205796.3584431,0.8021540946668883,Outer
Hounslow East,3920632.9891385864,3145873.99726009,0.8023893095770943,Outer
Canning Town,14826081.814752031,11910419.8453889,0.8033423796122566,Outer
Epping,4084533.076275498,3282862.82688489,0.80373025890107,Outer
Maida Vale,3302961.146870757,2673577.30131848,0.8094486076081887,Outer
Dagenham Heathway,5853371.789141845,4743139.38920804,0.8103260069703219,Outer
Euston LU,41092379.92365887,33307760.0698068,0.8105580677411656,Outer
Earl's Court,19127125.486875154,15536328.2908559,0.8122667622752188,Inner
Northolt,4976954.124033511,4051500.13192674,0.8140521352933935,Outer
South Harrow,2167601.898889505,1769085.8361002,0.8161488680216277,Outer
West Finchley,1637336.9110936145,1336353.88182296,0.8161752616511765,Outer
Stanmore,3853242.5979807703,3156345.43911678,0.8191400771835161,Outer
North Greenwich,28280619.902417783,23181040.6916502,0.8196793695342015,Outer
Stratford,64853194.31773317,53193118.464059,0.8202081489379177,Outer
Aldgate East,14148654.222590452,11605125.8683613,0.8202282482691515,City
High Street Kensington,11691229.595715042,9606990.0020114,0.8217262284826279,Outer
East Ham,13011043.734236462,10692055.1610159,0.8217676751697853,Outer
Tooting Bec,7670661.110030152,6305527.46737554,0.8220318140675562,Outer
Westminster,22560364.93531607,18559654.4605506,0.8226664113707334,West End
Totteridge & Whetstone,2523102.11774962,2077372.4867616,0.8233406298332583,Outer
East Acton,4081694.555805525,3367168.28972527,0.8249437197440556,Outer
Ravenscourt Park,3228327.634513698,2671509.98327761,0.8275213317002862,Outer
Notting Hill Gate,15070781.855266979,12499084.5197806,0.8293587313396342,Inner
Parsons Green,6558793.065938335,5444247.01475552,0.8300684226537094,Outer
Plaistow,5567660.021836593,4626057.6684495,0.8308800555899445,Outer
White City,9559843.30282175,7945761.49440494,0.8311602233124066,Outer
Kennington,5508344.73201577,4579140.39643146,0.8313096981415197,Outer
Turnham Green,5839619.646864905,4859980.68140656,0.8322426759447801,Outer
King's Cross St. Pancras,88273826.71548359,73571468.4323739,0.833446007382267,Inner
Pinner,2960478.970166037,2471418.36800666,0.8348035547329195,Outer
Camden Town,20499696.954131596,17155755.0078471,0.8368784692882719,Inner
Becontree,3461331.013092031,2897133.90402256,0.836999955527088,Outer
Royal Oak,2608698.1919217487,2183636.47744555,0.8370598347511143,Outer
Gloucester Road,13738683.77471171,11504720.5377048,0.8373961237015379,Inner
Wimbledon Park,2149787.735940017,1800816.62983955,0.8376718313783311,Outer
Southfields,5860614.910341088,4913180.76905733,0.8383387825717733,Outer
Stepney Green,5988690.911546611,5026703.31099487,0.8393659624848959,Outer
Amersham,2350099.1891055526,1973132.38166708,0.8395953629591498,Outer
Upney,2546935.9016957763,2140890.83634438,0.8405750749043007,Outer
Chiswick Park,2443329.9045417476,2056281.86606502,0.8415899393048523,Outer
South Kensington,33071846.695700448,27834363.4842352,0.8416331794333652,Inner
Edgware,4922141.314958163,4148978.17701841,0.8429213855380087,Outer
Highbury & Islington,17504715.27825295,14768429.5527662,0.8436829344555986,Inner
Heathrow Terminal 5 LU,4476640.42119665,3777825.71881019,0.8438975131713483,Outer
Chalfont & Latimer,1766734.2925179186,1492086.33131313,0.844544840518511,Outer
Morden,9815261.205111252,8297988.28461378,0.8454169594888254,Outer
Hounslow Central,3635704.261962982,3078431.06470477,0.8467220771809064,Outer
Elm Park,3143318.8404388055,2664173.34247575,0.8475670072666993,Outer
Embankment,20963697.170956038,17937160.0164537,0.8556296091371026,West End
Wembley Central,5650760.155595469,4837967.0933465,0.8561621728991401,Outer
Chalk Farm,5448344.282081504,4679793.65862669,0.8589386823475121,Outer
Euston Square,14119388.097744863,12192957.1617632,0.8635613014781178,West End
Moor Park,932747.6144348757,806282.36145152,0.8644164283818863,Outer
Willesden Junction,5129842.70934725,4436729.8868768,0.8648861452988594,Outer
Chesham,1170791.8138478163,1013745.07482393,0.865862797154559,Outer
Queen's Park,5412177.616093395,4703485.00562981,0.8690559215284711,Outer
Bayswater,4253914.444319945,3703978.77681463,0.8707224428926589,Inner
Goldhawk Road,2127422.1522369506,1853932.74067882,0.8714456313851199,Outer
East Putney,6445888.467244739,5670062.99357863,0.8796402578777892,Outer
High Barnet,4047338.6701172264,3563070.57808636,0.880349006717335,Outer
North Wembley,1572050.9402842266,1384165.79064355,0.8804840575924932,Outer
Sloane Square,16585915.566127429,14686867.0190529,0.8855023384447429,West End
Watford,1924614.7586581626,1710540.44666851,0.8887703053161119,Outer
Kenton,1889965.232921246,1683642.09632554,0.8908323110913525,Outer
Hampstead,4665744.612506601,4157012.34743381,0.8909643996139167,Outer
Liverpool Street LU,67202755.1667496,60077617.4490619,0.8939755118669145,Outer
Belsize Park,5679732.6403924385,5085477.08180811,0.8953726176548922,Outer
Waterloo LU,82934325.01142313,74483879.1602363,0.8981067748483769,Outer
Hatton Cross,3238017.75611809,2909374.96834495,0.8985049457643696,Outer
Edgware Road (DIS),6737179.395473732,6060664.30360244,0.89958481848861,Outer
Bromley-by-Bow,4229591.260292759,3807649.92790317,0.9002406364059908,Outer
West Ruislip,1557760.4579181536,1407747.79316518,0.9036997864527542,Outer
Latimer Road,2320784.124251862,2103832.95801601,0.9065181616985641,Outer
Kew Gardens,3825493.613386375,3472411.60828833,0.9077028899322898,Outer
North Acton,6241955.4534795815,5739993.12823234,0.9195825204155499,Outer
Blackhorse Road,9741998.012981078,9006744.081102,0.9245273987020567,Outer
Dagenham East,2953137.9689505883,2731328.6877758,0.9248903087133415,Outer
West Harrow,1281591.9921929843,1200932.05898296,0.9370627050563854,Outer
Chorleywood,1492278.7270763537,1408488.51668999,0.9438508310370918,Outer
Temple,8743279.26762337,8383274.46183554,0.9588249677531244,City
Barking,18133349.68233585,17411326.9307243,0.9601826047442912,Outer
Westbourne Park,4132836.8642731486,3971537.22929884,0.9609712068800285,Outer
Hammersmith (H&C),10252784.877551978,9994124.65817038,0.9747717110550204,Outer
Stonebridge Park,2426837.12181104,2399182.90310893,0.9886048311798227,Outer
Tottenham Hale LU,14026842.54242211,13979694.4571037,0.9966387242762711,Outer
Shepherd's Bush Market,3375979.6389604174,3388109.10893879,1.0035928741507776,Outer
Wembley Park,15423884.013730047,15548493.2650779,1.008078980056964,Outer
Ladbroke Grove,6130078.5949561475,6196835.53600715,1.0108900628298518,Outer
West Brompton,5200463.141039863,5263229.54601922,1.0120693875289741,Outer
Upminster,4764016.148777404,4863312.66199449,1.0208430261603056,Outer
Ealing Broadway,16088978.723849673,17234271.3715754,1.0711849190295708,Outer
Moorgate,25050824.067660995,27148108.3773452,1.083721170370266,City
Wood Lane,4739497.204717806,5245356.60098281,1.1067327132847469,Outer
Mill Hill East,1407857.2130986971,1583117.78381202,1.124487461571173,Outer
Bond Street,37487361.046776466,42304230.9876348,1.128493172268058,West End
Buckhurst Hill,1856049.8073058743,2124308.70214511,1.144532163837038,Outer
West Ham,4550686.653456473,5215465.41038541,1.1460831754750693,Outer
Harrow & Wealdstone,4661780.471850258,5401282.4111109,1.1586307943340657,Outer
Upton Park,9708180.467381911,11287787.9400065,1.1627089111015028,Outer
Paddington TfL,48612110.04869941,57967470.4976104,1.1924491744863333,Outer
Wimbledon,12528739.954381501,16898079.2624239,1.3487453106977745,Outer
Whitechapel,13089592.44724176,17889894.2901492,1.3667266083535672,Inner
Tottenham Court Road,41988765.11207323,60813500.5831679,1.448327913927669,West End
Richmond,8081806.118103366,12433653.1939175,1.5384745701911768,Outer
Farringdon,25924011.692234535,42030425.7550219,1.621293272584505,City
