Period and Financial year,Reporting Period,Days in period,Period beginning,Period ending,Bus journeys (m),Underground journeys (m),DLR Journeys (m),Tram Journeys (m),Overground Journeys (m),London Cable Car Journeys (m),TfL Rail Journeys (m),period_end,Bus journeys (m) per day,Underground journeys (m) per day
01_10/11,1,31,01-Apr-10,01-May-10,189.1,90.5,6.3,2.3,,,,2010-05-01,6.1,2.9193548387096775
02_10/11,2,28,02-May-10,29-May-10,181.6,84.5,5.8,2.2,,,,2010-05-29,6.485714285714286,3.017857142857143
03_10/11,3,28,30-May-10,26-Jun-10,175.9,84.3,5.8,2.1,,,,2010-06-26,6.2821428571428575,3.0107142857142857
04_10/11,4,28,27-Jun-10,24-Jul-10,183.4,86.5,6.1,2.1,,,,2010-07-24,6.55,3.0892857142857144
05_10/11,5,28,25-Jul-10,21-Aug-10,160.4,82.9,5.8,2.0,,,,2010-08-21,5.728571428571429,2.960714285714286
06_10/11,6,28,22-Aug-10,18-Sep-10,175.8,80.9,5.5,2.0,,,,2010-09-18,6.278571428571429,2.8892857142857147
07_10/11,7,28,19-Sep-10,16-Oct-10,189.8,88.7,6.3,2.3,,,,2010-10-16,6.778571428571429,3.167857142857143
08_10/11,8,28,17-Oct-10,13-Nov-10,179.9,90.3,6.7,2.2,5.6,,,2010-11-13,6.425,3.225
09_10/11,9,28,14-Nov-10,11-Dec-10,178.8,90.6,6.4,2.3,5.4,,,2010-12-11,6.385714285714286,3.2357142857142853
10_10/11,10,28,12-Dec-10,08-Jan-11,140.1,72.5,4.8,1.8,3.5,,,2011-01-08,5.003571428571428,2.5892857142857144
11_10/11,11,28,09-Jan-11,05-Feb-11,183.0,84.4,6.3,2.1,5.2,,,2011-02-05,6.535714285714286,3.0142857142857147
12_10/11,12,28,06-Feb-11,05-Mar-11,177.2,87.8,6.5,2.2,5.2,,,2011-03-05,6.328571428571428,3.1357142857142857
13_10/11,13,26,06-Mar-11,31-Mar-11,173.9,83.5,6.0,2.1,5.8,,,2011-03-31,6.688461538461539,3.2115384615384617
01_11/12,1,30,01-Apr-11,30-Apr-11,183.8,91.2,6.4,2.1,6.3,,,2011-04-30,6.126666666666667,3.04
02_11/12,2,28,01-May-11,28-May-11,186.1,87.8,6.3,2.2,6.4,,,2011-05-28,6.646428571428571,3.1357142857142857
03_11/12,3,28,29-May-11,25-Jun-11,181.7,88.9,6.1,2.2,6.9,,,2011-06-25,6.489285714285714,3.1750000000000003
04_11/12,4,28,26-Jun-11,23-Jul-11,186.7,92.5,6.4,2.3,7.6,,,2011-07-23,6.667857142857143,3.3035714285714284
05_11/12,5,28,24-Jul-11,20-Aug-11,161.1,85.5,6.2,1.9,7.7,,,2011-08-20,5.753571428571428,3.0535714285714284
06_11/12,6,28,21-Aug-11,17-Sep-11,173.9,85.3,6.4,2.1,7.7,,,2011-09-17,6.210714285714286,3.0464285714285713
07_11/12,7,28,18-Sep-11,15-Oct-11,193.4,93.1,7.5,2.4,8.7,,,2011-10-15,6.9071428571428575,3.3249999999999997
08_11/12,8,28,16-Oct-11,12-Nov-11,185.2,95.8,7.3,2.3,8.8,,,2011-11-12,6.614285714285714,3.4214285714285713
09_11/12,9,28,13-Nov-11,10-Dec-11,189.4,97.1,7.1,2.4,9.0,,,2011-12-10,6.764285714285714,3.4678571428571425
10_11/12,10,28,11-Dec-11,07-Jan-12,151.2,79.3,5.2,1.9,6.9,,,2012-01-07,5.3999999999999995,2.832142857142857
11_11/12,11,28,08-Jan-12,04-Feb-12,181.4,89.8,6.9,2.2,8.7,,,2012-02-04,6.478571428571429,3.207142857142857
12_11/12,12,28,05-Feb-12,03-Mar-12,179.5,91.5,7.0,2.0,8.8,,,2012-03-03,6.410714285714286,3.267857142857143
13_11/12,13,28,04-Mar-12,31-Mar-12,191.2,92.7,7.3,2.3,9.1,,,2012-03-31,6.828571428571428,3.310714285714286
01_12/13,1,28,01-Apr-12,28-Apr-12,171.8,88.7,7.0,2.1,8.5,,,2012-04-28,6.135714285714286,3.167857142857143
02_12/13,2,28,29-Apr-12,26-May-12,189.2,92.6,7.4,2.3,8.9,,,2012-05-26,6.757142857142857,3.307142857142857
03_12/13,3,28,27-May-12,23-Jun-12,176.5,89.7,7.0,2.2,8.6,,,2012-06-23,6.303571428571429,3.2035714285714287
04_12/13,4,28,24-Jun-12,21-Jul-12,189.9,96.9,7.9,2.5,8.9,0.2,,2012-07-21,6.7821428571428575,3.460714285714286
05_12/13,5,28,22-Jul-12,18-Aug-12,167.1,103.0,10.6,2.3,10.5,0.5,,2012-08-18,5.9678571428571425,3.6785714285714284
06_12/13,6,28,19-Aug-12,15-Sep-12,177.0,94.0,8.7,2.4,9.8,0.4,,2012-09-15,6.321428571428571,3.357142857142857
07_12/13,7,28,16-Sep-12,13-Oct-12,194.2,98.2,7.7,2.5,9.7,0.2,,2012-10-13,6.935714285714285,3.507142857142857
08_12/13,8,28,14-Oct-12,10-Nov-12,184.7,100.4,8.0,2.2,9.8,0.2,,2012-11-10,6.596428571428571,3.585714285714286
09_12/13,9,28,11-Nov-12,08-Dec-12,187.6,101.9,7.7,2.5,10.0,0.1,,2012-12-08,6.7,3.6392857142857147
10_12/13,10,28,09-Dec-12,05-Jan-13,151.9,79.0,5.7,2.0,8.2,0.1,,2013-01-05,5.425,2.8214285714285716
11_12/13,11,28,06-Jan-13,02-Feb-13,178.1,91.7,7.3,2.3,10.2,0.1,,2013-02-02,6.360714285714286,3.275
12_12/13,12,28,03-Feb-13,02-Mar-13,180.3,96.7,7.6,2.4,10.7,0.1,,2013-03-02,6.439285714285715,3.4535714285714287
13_12/13,13,29,03-Mar-13,31-Mar-13,186.5,96.6,7.6,2.4,10.8,0.1,,2013-03-31,6.431034482758621,3.3310344827586205
01_13/14,1,27,01-Apr-13,27-Apr-13,171.6,92.1,7.6,2.3,10.3,0.1,,2013-04-27,6.355555555555555,3.411111111111111
02_13/14,2,28,28-Apr-13,25-May-13,188.8,97.2,7.9,2.5,10.3,0.1,,2013-05-25,6.742857142857143,3.4714285714285715
03_13/14,3,28,26-May-13,22-Jun-13,183.5,95.9,7.7,2.4,10.9,0.1,,2013-06-22,6.553571428571429,3.4250000000000003
04_13/14,4,28,23-Jun-13,20-Jul-13,190.2,100.8,8.0,2.5,11.3,0.2,,2013-07-20,6.792857142857143,3.6
05_13/14,5,28,21-Jul-13,17-Aug-13,166.3,94.1,7.5,2.2,10.6,0.2,,2013-08-17,5.939285714285715,3.3607142857142853
06_13/14,6,28,18-Aug-13,14-Sep-13,173.7,91.0,7.2,2.0,10.4,0.2,,2013-09-14,6.203571428571428,3.25
07_13/14,7,28,15-Sep-13,12-Oct-13,194.5,101.4,7.9,2.6,11.2,0.1,,2013-10-12,6.946428571428571,3.6214285714285714
08_13/14,8,28,13-Oct-13,09-Nov-13,186.3,103.7,8.2,2.4,9.6,0.1,,2013-11-09,6.653571428571429,3.7035714285714287
09_13/14,9,28,10-Nov-13,07-Dec-13,193.2,106.3,8.2,2.6,10.6,0.1,,2013-12-07,6.8999999999999995,3.7964285714285713
10_13/14,10,28,08-Dec-13,04-Jan-14,155.1,83.9,6.5,2.0,8.1,0.1,,2014-01-04,5.539285714285714,2.9964285714285714
11_13/14,11,28,05-Jan-14,01-Feb-14,186.6,96.8,7.8,2.4,10.3,0.1,,2014-02-01,6.664285714285714,3.457142857142857
12_13/14,12,28,02-Feb-14,01-Mar-14,185.6,94.3,8.3,2.4,10.8,0.1,,2014-03-01,6.628571428571428,3.367857142857143
13_13/14,13,30,02-Mar-14,31-Mar-14,206.9,107.0,8.3,2.8,11.3,0.1,,2014-03-31,6.8966666666666665,3.566666666666667
01_14/15,1,26,01-Apr-14,26-Apr-14,164.1,88.8,7.6,2.2,9.7,0.1,2.9,2014-04-26,6.311538461538461,3.4153846153846152
02_14/15,2,28,27-Apr-14,24-May-14,192.8,92.2,8.3,2.4,10.5,0.1,,2014-05-24,6.885714285714286,3.292857142857143
03_14/15,3,28,25-May-14,21-Jun-14,188.1,98.2,8.3,2.3,10.5,0.1,,2014-06-21,6.7178571428571425,3.507142857142857
04_14/15,4,28,22-Jun-14,19-Jul-14,191.1,102.6,8.3,2.5,10.8,0.1,,2014-07-19,6.825,3.664285714285714
05_14/15,5,28,20-Jul-14,16-Aug-14,169.2,97.3,8.2,2.0,10.6,0.2,,2014-08-16,6.042857142857143,3.475
06_14/15,6,28,17-Aug-14,13-Sep-14,176.5,93.2,8.2,2.3,10.8,0.2,,2014-09-13,6.303571428571429,3.3285714285714287
07_14/15,7,28,14-Sep-14,11-Oct-14,198.8,104.1,8.7,2.6,10.8,0.1,,2014-10-11,7.1000000000000005,3.7178571428571425
08_14/15,8,28,12-Oct-14,08-Nov-14,190.2,108.6,9.2,2.4,11.0,0.1,,2014-11-08,6.792857142857143,3.8785714285714286
09_14/15,9,28,09-Nov-14,06-Dec-14,195.6,111.2,9.2,2.6,11.2,0.1,,2014-12-06,6.985714285714286,3.9714285714285715
10_14/15,10,28,07-Dec-14,03-Jan-15,156.8,87.0,6.9,2.1,8.7,0.1,,2015-01-03,5.6000000000000005,3.107142857142857
11_14/15,11,28,04-Jan-15,31-Jan-15,178.2,100.2,8.6,2.4,11.4,0.1,,2015-01-31,6.364285714285714,3.5785714285714287
12_14/15,12,28,01-Feb-15,28-Feb-15,176.3,105.7,9.0,2.4,11.1,0.1,,2015-02-28,6.296428571428572,3.775
13_14/15,13,31,01-Mar-15,31-Mar-15,207.5,116.3,10.0,2.5,12.6,0.1,,2015-03-31,6.693548387096774,3.7516129032258063
01_15/16,1,26,01-Apr-15,02-May-15,203.4,113.6,10.2,2.1,13.3,0.2,,2015-05-02,7.823076923076924,4.369230769230769
02_15/16,2,28,03-May-15,30-May-15,180.5,102.0,8.9,2.0,11.8,0.2,,2015-05-30,6.446428571428571,3.642857142857143
03_15/16,3,28,31-May-15,27-Jun-15,189.9,105.9,9.1,2.1,14.7,0.1,3.6,2015-06-27,6.7821428571428575,3.7821428571428575
04_15/16,4,28,28-Jun-15,25-Jul-15,182.5,101.3,9.0,2.2,14.9,0.2,3.8,2015-07-25,6.517857142857143,3.617857142857143
05_15/16,5,28,26-Jul-15,22-Aug-15,162.3,94.6,8.9,1.8,13.8,0.2,3.7,2015-08-22,5.796428571428572,3.3785714285714286
06_15/16,6,28,23-Aug-15,19-Sep-15,175.0,97.6,8.7,2.0,13.9,0.1,3.7,2015-09-19,6.25,3.4857142857142853
07_15/16,7,28,20-Sep-15,17-Oct-15,190.8,111.7,9.6,2.2,15.7,0.1,4.1,2015-10-17,6.814285714285715,3.9892857142857143
08_15/16,8,28,18-Oct-15,14-Nov-15,181.2,112.7,8.9,2.2,15.5,0.1,4.2,2015-11-14,6.471428571428571,4.025
09_15/16,9,28,15-Nov-15,12-Dec-15,186.6,114.0,9.4,2.3,15.8,0.1,4.2,2015-12-12,6.664285714285714,4.071428571428571
10_15/16,10,28,13-Dec-15,09-Jan-16,147.1,85.4,7.1,1.8,11.3,0.1,3.0,2016-01-09,5.253571428571428,3.0500000000000003
11_15/16,11,28,10-Jan-16,06-Feb-16,179.5,106.8,9.3,2.1,15.4,0.1,3.8,2016-02-06,6.410714285714286,3.814285714285714
12_15/16,12,28,07-Feb-16,05-Mar-16,176.0,109.3,9.5,2.2,14.5,0.1,3.2,2016-03-05,6.285714285714286,3.9035714285714285
13_15/16,13,31,06-Mar-16,31-Mar-16,159.4,94.5,8.4,1.9,12.6,0.1,2.8,2016-03-31,5.141935483870968,3.0483870967741935
01_16/17,1,30,01-Apr-16,30-Apr-16,189.3,114.2,10.4,2.4,15.6,0.1,4.0,2016-04-30,6.3100000000000005,3.8066666666666666
02_16/17,2,28,01-May-16,28-May-16,181.9,105.7,9.5,2.4,14.4,0.1,3.7,2016-05-28,6.496428571428572,3.775
03_16/17,3,28,29-May-16,25-Jun-16,173.6,104.2,9.2,2.3,13.8,0.1,3.5,2016-06-25,6.2,3.7214285714285715
04_16/17,4,28,26-Jun-16,23-Jul-16,177.7,109.1,9.4,2.4,14.1,0.1,3.8,2016-07-23,6.346428571428571,3.8964285714285714
05_16/17,5,28,24-Jul-16,20-Aug-16,155.3,101.1,9.0,1.8,13.7,0.2,3.6,2016-08-20,5.546428571428572,3.6107142857142853
06_16/17,6,28,21-Aug-16,17-Sep-16,166.3,98.8,8.8,2.2,14.2,0.1,3.5,2016-09-17,5.939285714285715,3.5285714285714285
07_16/17,7,28,18-Sep-16,15-Oct-16,186.9,110.4,9.6,2.5,15.2,0.1,3.7,2016-10-15,6.675,3.942857142857143
08_16/17,8,28,16-Oct-16,12-Nov-16,176.6,112.6,10.1,2.2,15.4,0.1,3.8,2016-11-12,6.307142857142857,4.021428571428571
09_16/17,9,28,13-Nov-16,10-Dec-16,182.7,116.7,10.1,2.1,15.7,0.1,4.0,2016-12-10,6.5249999999999995,4.167857142857143
10_16/17,10,28,11-Dec-16,07-Jan-17,145.8,89.0,7.6,2.1,12.0,0.1,3.3,2017-01-07,5.207142857142857,3.1785714285714284
11_16/17,11,28,08-Jan-17,04-Feb-17,174.4,101.9,9.6,2.4,14.8,0.1,3.8,2017-02-04,6.228571428571429,3.6392857142857147
12_16/17,12,28,05-Feb-17,04-Mar-17,172.9,108.3,9.7,2.2,14.6,0.1,3.6,2017-03-04,6.175,3.867857142857143
13_16/17,13,27,05-Mar-17,31-Mar-17,178.4,106.0,9.5,2.4,15.1,0.1,3.4,2017-03-31,6.607407407407408,3.925925925925926
01_17/18,1,29,01-Apr-17,29-Apr-17,172.6,104.6,9.7,2.1,14.7,0.2,3.3,2017-04-29,5.951724137931034,3.606896551724138
02_17/18,2,28,30-Apr-17,27-May-17,182.3,106.1,9.4,2.3,14.8,0.1,3.5,2017-05-27,6.510714285714286,3.789285714285714
03_17/18,3,28,28-May-17,24-Jun-17,175.8,101.6,9.2,2.2,14.4,0.1,3.4,2017-06-24,6.278571428571429,3.6285714285714286
04_17/18,4,28,25-Jun-17,22-Jul-17,181.5,109.0,9.6,2.4,15.0,0.1,3.7,2017-07-22,6.482142857142857,3.892857142857143
05_17/18,5,28,23-Jul-17,19-Aug-17,155.1,101.0,9.2,2.1,14.4,0.2,3.5,2017-08-19,5.539285714285714,3.607142857142857
06_17/18,6,28,20-Aug-17,16-Sep-17,166.0,96.4,8.6,2.2,14.5,0.1,3.3,2017-09-16,5.928571428571429,3.442857142857143
07_17/18,7,28,17-Sep-17,14-Oct-17,186.9,108.6,9.6,2.5,15.6,0.1,3.8,2017-10-14,6.675,3.8785714285714286
08_17/18,8,28,15-Oct-17,11-Nov-17,178.1,110.6,9.9,2.3,15.4,0.1,3.7,2017-11-11,6.360714285714286,3.9499999999999997
09_17/18,9,28,12-Nov-17,09-Dec-17,183.8,115.1,9.8,2.4,15.5,0.1,3.9,2017-12-09,6.564285714285715,4.110714285714286
10_17/18,10,28,10-Dec-17,06-Jan-18,145.1,87.7,7.4,1.9,11.6,0.1,2.9,2018-01-06,5.182142857142857,3.132142857142857
11_17/18,11,28,07-Jan-18,03-Feb-18,175.2,105.5,9.3,2.2,14.8,0.1,3.7,2018-02-03,6.257142857142857,3.767857142857143
12_17/18,12,28,04-Feb-18,03-Mar-18,168.7,105.3,9.3,2.2,14.1,0.1,3.4,2018-03-03,6.0249999999999995,3.7607142857142857
13_17/18,13,28,04-Mar-18,31-Mar-18,176.5,105.3,8.7,2.2,15.1,0.1,3.3,2018-03-31,6.303571428571429,3.7607142857142857
01_18/19,1,28,01-Apr-18,28-Apr-18,165.9,103.5,9.4,1.9,14.7,0.1,3.5,2018-04-28,5.925,3.6964285714285716
02_18/19,2,28,29-Apr-18,26-May-18,179.6,105.6,9.7,2.3,14.4,0.1,3.7,2018-05-26,6.414285714285714,3.7714285714285714
03_18/19,3,28,27-May-18,23-Jun-18,173.9,104.4,9.2,2.3,14.3,0.1,4.2,2018-06-23,6.210714285714286,3.7285714285714286
04_18/19,4,28,24-Jun-18,21-Jul-18,177.8,109.0,9.6,2.4,14.8,0.1,4.5,2018-07-21,6.3500000000000005,3.892857142857143
05_18/19,5,28,22-Jul-18,18-Aug-18,151.5,100.4,9.0,2.1,14.0,0.2,4.1,2018-08-18,5.410714285714286,3.585714285714286
06_18/19,6,28,19-Aug-18,15-Sep-18,162.1,97.5,8.6,2.2,14.1,0.1,4.1,2018-09-15,5.789285714285714,3.482142857142857
07_18/19,7,28,16-Sep-18,13-Oct-18,183.7,109.9,9.6,2.4,15.8,0.1,4.7,2018-10-13,6.560714285714285,3.9250000000000003
08_18/19,8,28,14-Oct-18,10-Nov-18,175.2,112.7,10.1,2.3,15.6,0.1,4.7,2018-11-10,6.257142857142857,4.025
09_18/19,9,28,11-Nov-18,08-Dec-18,180.5,118.2,9.9,2.4,15.6,0.1,4.6,2018-12-08,6.446428571428571,4.2214285714285715
10_18/19,10,28,09-Dec-18,05-Jan-19,144.9,91.9,7.5,1.9,11.6,0.1,3.9,2019-01-05,5.175,3.2821428571428575
11_18/19,11,28,06-Jan-19,02-Feb-19,171.3,106.7,9.3,2.2,14.5,0.1,4.6,2019-02-02,6.117857142857143,3.810714285714286
12_18/19,12,28,03-Feb-19,02-Mar-19,171.3,110.8,9.7,2.2,14.4,0.1,4.4,2019-03-02,6.117857142857143,3.957142857142857
13_18/19,13,29,03-Mar-19,31-Mar-19,182.7,114.1,10.0,2.2,15.7,0.1,4.3,2019-03-31,6.3,3.9344827586206894
01_19/20,1,28,01-Apr-19,27-Apr-19,156.6,101.2,8.9,2.0,13.9,0.1,4.3,2019-04-27,5.5928571428571425,3.6142857142857143
02_19/20,2,28,28-Apr-19,25-May-19,175.2,106.1,9.7,2.2,14.2,0.1,4.5,2019-05-25,6.257142857142857,3.789285714285714
03_19/20,3,28,26-May-19,22-Jun-19,171.4,108.0,9.3,2.2,13.8,0.1,4.4,2019-06-22,6.121428571428572,3.857142857142857
04_19/20,4,28,23-Jun-19,20-Jul-19,177.0,111.7,9.6,2.3,14.8,0.1,4.6,2019-07-20,6.321428571428571,3.9892857142857143
05_19/20,5,28,21-Jul-19,17-Aug-19,149.8,103.0,9.1,2.0,12.9,0.1,4.3,2019-08-17,5.3500000000000005,3.6785714285714284
06_19/20,6,28,18-Aug-19,14-Sep-19,159.8,99.4,8.7,1.6,13.5,0.1,4.3,2019-09-14,5.707142857142857,3.5500000000000003
07_19/20,7,28,15-Sep-19,12-Oct-19,179.3,112.2,9.5,2.3,17.8,0.1,4.9,2019-10-12,6.403571428571429,4.007142857142857
08_19/20,8,28,13-Oct-19,09-Nov-19,168.9,113.3,10.0,2.2,17.1,0.1,4.9,2019-11-09,6.0321428571428575,4.046428571428572
09_19/20,9,28,10-Nov-19,07-Dec-19,176.2,117.5,9.8,2.3,15.8,0.1,5.0,2019-12-07,6.292857142857143,4.196428571428571
10_19/20,10,28,08-Dec-19,04-Jan-20,141.0,91.2,7.5,1.9,10.6,0.1,4.3,2020-01-04,5.035714285714286,3.257142857142857
11_19/20,11,28,05-Jan-20,01-Feb-20,169.4,105.8,9.2,2.3,14.1,0.1,5.7,2020-02-01,6.05,3.7785714285714285
12_19/20,12,28,02-Feb-20,29-Feb-20,165.2,106.2,9.3,2.2,15.6,0.1,5.2,2020-02-29,5.8999999999999995,3.792857142857143
13_19/20,13,29,01-Mar-20,31-Mar-20,126.4,60.9,6.1,1.6,13.0,0.0,3.5,2020-03-31,4.358620689655172,2.1
01_19/20,1,28,01-Apr-20,02-May-20,30.2,5.7,1.2,0.4,1.0,0.0,0.6,2020-05-02,1.0785714285714285,0.20357142857142857
02_19/20,2,28,03-May-20,30-May-20,32.5,6.7,1.4,0.5,1.5,0.0,0.7,2020-05-30,1.1607142857142858,0.2392857142857143
03_19/20,3,28,31-May-20,27-Jun-20,47.0,13.3,2.1,0.7,2.8,0.0,1.2,2020-06-27,1.6785714285714286,0.47500000000000003
04_19/20,4,28,28-Jun-20,25-Jul-20,66.7,22.2,2.9,1.0,4.5,0.0,1.6,2020-07-25,2.382142857142857,0.7928571428571428
05_19/20,5,28,26-Jul-20,22-Aug-20,75.2,28.8,3.6,1.0,5.1,0.1,2.0,2020-08-22,2.685714285714286,1.0285714285714287
06_19/20,6,28,23-Aug-20,19-Sep-20,94.8,36.3,4.2,1.2,6.6,0.1,2.2,2020-09-19,3.3857142857142857,1.2964285714285713
07_19/20,7,28,20-Sep-20,17-Oct-20,102.0,39.5,4.5,1.4,8.5,0.0,2.5,2020-10-17,3.642857142857143,1.4107142857142858
08_19/20,8,28,18-Oct-20,14-Nov-20,88.9,33.7,4.1,1.0,7.1,0.0,2.1,2020-11-14,3.1750000000000003,1.2035714285714287
09_19/20,9,28,15-Nov-20,12-Dec-20,89.0,32.1,4.0,1.1,6.6,0.0,2.1,2020-12-12,3.1785714285714284,1.1464285714285716
10_19/20,10,28,13-Dec-20,09-Jan-21,57.5,18.8,2.7,0.7,3.2,0.0,1.2,2021-01-09,2.0535714285714284,0.6714285714285715
11_19/20,11,28,10-Jan-21,06-Feb-21,51.6,16.8,2.7,0.7,3.5,0.0,1.2,2021-02-06,1.842857142857143,0.6
12_19/20,12,28,07-Feb-21,06-Mar-21,56.9,19.8,3.1,0.8,4.4,0.1,1.4,2021-03-06,2.032142857142857,0.7071428571428572
13_19/20,13,29,07-Mar-21,31-Mar-21,72.9,22.4,3.3,1.0,4.8,0.1,1.5,2021-03-31,2.513793103448276,0.7724137931034483
01_21/22,1,31,01-Apr-21,01-May-21,95.9,37.4,4.9,1.3,8.6,0.2,2.1,2021-05-01,3.0935483870967744,1.2064516129032257
02_21/22,2,28,02-May-21,29-May-21,104.3,42.5,5.0,1.5,7.7,0.1,2.3,2021-05-29,3.725,1.5178571428571428
03_21/22,3,28,30-May-21,26-Jun-21,107.0,48.6,5.6,1.5,7.8,0.1,2.7,2021-06-26,3.8214285714285716,1.7357142857142858
04_21/22,4,28,27-Jun-21,24-Jul-21,109.1,49.6,5.4,1.5,10.1,0.1,2.8,2021-07-24,3.8964285714285714,1.7714285714285716
05_21/22,5,28,25-Jul-21,21-Aug-21,98.8,51.6,5.5,1.3,8.6,0.2,2.8,2021-08-21,3.5285714285714285,1.842857142857143
06_21/22,6,28,22-Aug-21,18-Sep-21,115.5,58.2,5.9,1.2,10.6,0.2,3.1,2021-09-18,4.125,2.0785714285714287
07_21/22,7,28,19-Sep-21,16-Oct-21,130.2,69.7,7.1,1.7,12.5,0.1,3.7,2021-10-16,4.6499999999999995,2.4892857142857143
08_21/22,8,28,17-Oct-21,13-Nov-21,125.4,73.7,7.2,1.7,11.6,0.1,3.7,2021-11-13,4.478571428571429,2.632142857142857
09_21/22,9,28,14-Nov-21,11-Dec-21,131.3,75.8,7.0,1.6,12.2,0.1,3.3,2021-12-11,4.689285714285715,2.707142857142857
10_21/22,10,28,12-Dec-21,08-Jan-22,95.1,45.4,4.6,1.2,6.7,0.1,2.4,2022-01-08,3.3964285714285714,1.6214285714285714
11_21/22,11,28,09-Jan-22,05-Feb-22,123.5,60.2,5.9,1.6,10.0,0.1,3.2,2022-02-05,4.410714285714286,2.15
12_21/22,12,28,06-Feb-22,05-Mar-22,127.8,65.4,6.5,1.4,10.7,0.1,3.1,2022-03-05,4.564285714285714,2.335714285714286
13_21/22,13,26,06-Mar-22,31-Mar-22,126.7,70.4,6.6,1.5,13.8,0.1,3.1,2022-03-31,4.8730769230769235,2.707692307692308
01_22/23,1,30,01-Apr-22,30-Apr-22,135.0,79.2,7.1,1.6,12.0,0.1,4.4,2022-04-30,4.5,2.64
02_22/23,2,28,01-May-22,28-May-22,140.5,80.1,7.6,1.8,12.9,0.1,5.5,2022-05-28,5.017857142857143,2.8607142857142853
03_22/23,3,28,29-May-22,25-Jun-22,138.0,71.7,6.7,1.7,11.1,0.2,8.1,2022-06-25,4.928571428571429,2.560714285714286
04_22/23,4,28,26-Jun-22,23-Jul-22,137.8,81.3,6.5,1.5,12.5,0.1,11.6,2022-07-23,4.921428571428572,2.9035714285714285
05_22/23,5,28,24-Jul-22,20-Aug-22,122.5,73.9,6.4,1.5,10.0,0.2,9.2,2022-08-20,4.375,2.6392857142857147
06_22/23,6,28,21-Aug-22,17-Sep-22,132.9,79.6,6.5,1.5,12.3,0.2,9.8,2022-09-17,4.746428571428572,2.8428571428571425
07_22/23,7,28,18-Sep-22,15-Oct-22,147.0,88.2,7.6,1.6,12.5,0.1,11.0,2022-10-15,5.25,3.15
08_22/23,8,28,16-Oct-22,12-Nov-22,143.1,87.6,7.7,1.7,13.3,0.1,12.5,2022-11-12,5.110714285714286,3.1285714285714286
09_22/23,9,28,13-Nov-22,10-Dec-22,146.0,95.1,7.6,1.6,14.0,0.1,15.2,2022-12-10,5.214285714285714,3.3964285714285714
10_22/23,10,28,11-Dec-22,07-Jan-23,116.9,68.5,5.7,1.3,6.9,0.1,8.9,2023-01-07,4.175,2.4464285714285716
11_22/23,11,28,08-Jan-23,04-Feb-23,141.3,85.2,7.4,1.8,13.1,0.1,13.4,2023-02-04,5.046428571428572,3.042857142857143
12_22/23,12,28,05-Feb-23,04-Mar-23,141.6,89.8,7.8,1.6,13.4,0.1,14.0,2023-03-04,5.057142857142857,3.207142857142857
13_22/23,13,27,05-Mar-23,31-Mar-23,142.2,84.9,7.6,1.7,13.2,0.1,14.0,2023-03-31,5.266666666666667,3.144444444444445
01_23/24,1,29,01-Apr-23,29-Apr-23,141.4,91.5,8.2,1.4,13.8,0.1,14.2,2023-04-29,4.875862068965517,3.1551724137931036
02_23/24,2,28,30-Apr-23,27-May-23,146.6,88.2,7.7,1.6,14.1,0.1,15.1,2023-05-27,5.235714285714286,3.15
03_23/24,3,28,28-May-23,24-Jun-23,146.4,90.2,7.9,1.7,14.6,0.1,16.0,2023-06-24,5.228571428571429,3.2214285714285715
04_23/24,4,28,25-Jun-23,22-Jul-23,147.5,94.1,7.9,1.6,14.3,0.1,16.7,2023-07-22,5.267857142857143,3.3607142857142853
05_23/24,5,28,23-Jul-23,19-Aug-23,129.9,86.6,7.2,1.4,12.4,0.2,15.4,2023-08-19,4.639285714285714,3.0928571428571425
06_23/24,6,28,20-Aug-23,16-Sep-23,139.9,83.7,7.3,1.7,13.8,0.1,15.6,2023-09-16,4.996428571428572,2.9892857142857143
07_23/24,7,28,17-Sep-23,14-Oct-23,155.8,93.4,8.3,1.6,14.8,0.1,17.3,2023-10-14,5.564285714285715,3.335714285714286
08_23/24,8,28,15-Oct-23,11-Nov-23,146.3,95.8,7.8,1.3,15.0,0.1,17.8,2023-11-11,5.2250000000000005,3.4214285714285713
09_23/24,9,28,12-Nov-23,09-Dec-23,150.9,101.8,7.9,1.7,15.0,0.1,17.8,2023-12-09,5.389285714285714,3.6357142857142857
10_23/24,10,28,10-Dec-23,06-Jan-24,123.7,81.5,6.1,1.4,11.3,0.1,14.3,2024-01-06,4.417857142857143,2.9107142857142856
11_23/24,11,28,07-Jan-24,03-Feb-24,144.0,87.2,7.4,1.7,13.7,0.1,16.0,2024-02-03,5.142857142857143,3.1142857142857143
12_23/24,12,28,04-Feb-24,02-Mar-24,145.3,93.1,7.7,1.2,14.3,0.1,16.8,2024-03-02,5.189285714285715,3.3249999999999997
13_23/24,13,29,03-Mar-24,31-Mar-24,152.0,93.7,7.6,1.6,14.1,0.1,17.1,2024-03-31,5.241379310344827,3.231034482758621
01_24/25,1,27,01-Apr-24,27-Apr-24,137.4,89.4,7.2,0.7,13.5,0.1,16.4,2024-04-27,5.0888888888888895,3.3111111111111113
02_24/25,2,28,28-Apr-24,25-May-24,150.6,91.9,7.5,1.4,14.8,0.1,17.8,2024-05-25,5.378571428571428,3.2821428571428575
03_24/25,3,28,26-May-24,22-Jun-24,145.9,93.0,7.6,1.5,13.9,0.1,17.1,2024-06-22,5.210714285714286,3.3214285714285716
04_24/25,4,28,23-Jun-24,20-Jul-24,148.3,95.2,7.6,1.6,14.4,0.1,18.3,2024-07-20,5.296428571428572,3.4
05_24/25,5,28,21-Jul-24,17-Aug-24,130.1,89.0,7.3,1.1,12.9,0.2,17.1,2024-08-17,4.646428571428571,3.1785714285714284
06_24/25,6,28,18-Aug-24,14-Sep-24,137.5,86.5,7.3,1.5,13.4,0.2,17.1,2024-09-14,4.910714285714286,3.0892857142857144
07_24/25,7,28,15-Sep-24,12-Oct-24,152.6,97.4,7.9,1.5,15.2,0.1,18.7,2024-10-12,5.45,3.4785714285714286
08_24/25,8,28,13-Oct-24,09-Nov-24,143.3,97.9,7.9,1.1,14.9,0.1,19.0,2024-11-09,5.117857142857143,3.4964285714285714
09_24/25,9,28,10-Nov-24,07-Dec-24,148.8,104.9,8.2,1.6,15.0,0.1,19.6,2024-12-07,5.314285714285715,3.7464285714285714
10_24/25,10,28,08-Dec-24,04-Jan-25,121.3,85.2,6.1,1.2,9.2,0.1,15.6,2025-01-04,4.332142857142857,3.042857142857143
11_24/25,11,28,05-Jan-25,01-Feb-25,135.7,89.4,7.4,1.5,13.6,0.1,17.1,2025-02-01,4.846428571428571,3.192857142857143
12_24/25,12,28,02-Feb-25,01-Mar-25,137.5,96.0,8.0,1.4,14.1,0.1,17.9,2025-03-01,4.910714285714286,3.4285714285714284
13_24/25,13,30,02-Mar-25,31-Mar-25,153.2,102.2,7.8,1.7,15.2,0.1,19.4,2025-03-31,5.1066666666666665,3.4066666666666667
01_25/26,1,26,01-Apr-25,26-Apr-25,124.1,84.8,6.8,1.3,13.5,0.1,16.5,2025-04-26,4.773076923076923,3.2615384615384615
02_25/26,2,28,27-Apr-25,24-May-25,143.6,94.0,7.5,1.6,14.8,0.1,18.6,2025-05-24,5.128571428571428,3.357142857142857
03_25/26,3,28,25-May-25,21-Jun-25,141.1,93.2,7.0,1.6,14.6,0.1,18.5,2025-06-21,5.039285714285714,3.3285714285714287
04_25/26,4,28,22-Jun-25,19-Jul-25,142.0,97.5,7.0,1.6,15.2,0.1,19.6,2025-07-19,5.071428571428571,3.482142857142857
05_25/26,5,28,20-Jul-25,16-Aug-25,126.3,90.9,6.6,1.3,13.9,0.2,18.4,2025-08-16,4.510714285714285,3.2464285714285714
06_25/26,6,28,17-Aug-25,13-Sep-25,133.0,73.7,6.2,1.4,14.1,0.1,18.9,2025-09-13,4.75,2.632142857142857
07_25/26,7,28,14-Sep-25,11-Oct-25,145.9,95.9,7.6,1.5,12.5,0.1,19.5,2025-10-11,5.210714285714286,3.4250000000000003
08_25/26,8,28,12-Oct-25,08-Nov-25,137.8,98.1,7.8,1.4,14.4,0.1,19.6,2025-11-08,4.921428571428572,3.5035714285714286
09_25/26,9,28,09-Nov-25,06-Dec-25,142.2,104.4,7.3,1.6,17.4,0.1,20.2,2025-12-06,5.078571428571428,3.7285714285714286
10_25/26,10,28,07-Dec-25,03-Jan-26,119.8,85.0,5.7,1.3,13.1,0.1,16.2,2026-01-03,4.2785714285714285,3.0357142857142856
11_25/26,11,28,04-Jan-26,31-Jan-26,133.7,88.1,6.9,1.5,13.5,0.1,17.7,2026-01-31,4.7749999999999995,3.1464285714285714
12_25/26,12,28,01-Feb-26,28-Feb-26,135.8,94.3,6.9,1.2,13.9,0.1,18.6,2026-02-28,4.8500000000000005,3.367857142857143
13_25/26,13,31,01-Mar-26,31-Mar-26,156.1,104.3,7.5,1.8,15.0,0.1,19.9,2026-03-31,5.035483870967742,3.364516129032258
01_26/27,1,32,01-Apr-26,02-May-26,157.8,99.8,7.7,2.0,15.4,0.2,21.0,2026-05-02,4.93125,3.11875
02_26/27,2,28,03-May-26,30-May-26,136.7,91.1,6.6,1.7,11.2,0.2,18.6,2026-05-30,4.882142857142857,3.2535714285714286
